SETOR,SUBSETOR,SEGMENTO,CODIGO
"Petr?leo, G?s e Biocombust?veis","Petr?leo, G?s e Biocombust?veis","Explora??o, Refino e Distribui??o",BRAV
"Petr?leo, G?s e Biocombust?veis","Petr?leo, G?s e Biocombust?veis","Explora??o, Refino e Distribui??o",CSAN
"Petr?leo, G?s e Biocombust?veis","Petr?leo, G?s e Biocombust?veis","Explora??o, Refino e Distribui??o",RPMG
"Petr?leo, G?s e Biocombust?veis","Petr?leo, G?s e Biocombust?veis","Explora??o, Refino e Distribui??o",PETR
"Petr?leo, G?s e Biocombust?veis","Petr?leo, G?s e Biocombust?veis","Explora??o, Refino e Distribui??o",RECV
"Petr?leo, G?s e Biocombust?veis","Petr?leo, G?s e Biocombust?veis","Explora??o, Refino e Distribui??o",PRIO
"Petr?leo, G?s e Biocombust?veis","Petr?leo, G?s e Biocombust?veis","Explora??o, Refino e Distribui??o",RAIZ
"Petr?leo, G?s e Biocombust?veis","Petr?leo, G?s e Biocombust?veis","Explora??o, Refino e Distribui??o",UGPA
"Petr?leo, G?s e Biocombust?veis","Petr?leo, G?s e Biocombust?veis","Explora??o, Refino e Distribui??o",VBBR
"Petr?leo, G?s e Biocombust?veis","Petr?leo, G?s e Biocombust?veis",Equipamentos e Servi?os,LUPA
"Petr?leo, G?s e Biocombust?veis","Petr?leo, G?s e Biocombust?veis",Equipamentos e Servi?os,OPCT
"Petr?leo, G?s e Biocombust?veis","Petr?leo, G?s e Biocombust?veis",Equipamentos e Servi?os,OSXB
Materiais B?sicos,Minera??o,Minerais Met?licos,AURA
Materiais B?sicos,Minera??o,Minerais Met?licos,BRAP
Materiais B?sicos,Minera??o,Minerais Met?licos,CBAV
Materiais B?sicos,Minera??o,Minerais Met?licos,CMIN
Materiais B?sicos,Minera??o,Minerais Met?licos,LTEL
Materiais B?sicos,Minera??o,Minerais Met?licos,LTLA
Materiais B?sicos,Minera??o,Minerais Met?licos,VALE
Materiais B?sicos,Siderurgia e Metalurgia,Siderurgia,FESA
Materiais B?sicos,Siderurgia e Metalurgia,Siderurgia,GGBR
Materiais B?sicos,Siderurgia e Metalurgia,Siderurgia,GOAU
Materiais B?sicos,Siderurgia e Metalurgia,Siderurgia,CSNA
Materiais B?sicos,Siderurgia e Metalurgia,Siderurgia,USIM
Materiais B?sicos,Siderurgia e Metalurgia,Artefatos de Ferro e A?o,MGEL
Materiais B?sicos,Siderurgia e Metalurgia,Artefatos de Ferro e A?o,PATI
Materiais B?sicos,Siderurgia e Metalurgia,Artefatos de Ferro e A?o,TKNO
Materiais B?sicos,Siderurgia e Metalurgia,Artefatos de Cobre,PMAM
Materiais B?sicos,Qu?micos,Petroqu?micos,BRKM
Materiais B?sicos,Qu?micos,Petroqu?micos,DEXP
Materiais B?sicos,Qu?micos,Fertilizantes e Defensivos,FHER
Materiais B?sicos,Qu?micos,Fertilizantes e Defensivos,NUTR
Materiais B?sicos,Qu?micos,Fertilizantes e Defensivos,VITT
Materiais B?sicos,Qu?micos,Qu?micos Diversos,CRPG
Materiais B?sicos,Qu?micos,Qu?micos Diversos,UNIP
Materiais B?sicos,Madeira e Papel,Madeira,DXCO
Materiais B?sicos,Madeira e Papel,Madeira,EUCA
Materiais B?sicos,Madeira e Papel,Papel e Celulose,KLBN
Materiais B?sicos,Madeira e Papel,Papel e Celulose,MSPA
Materiais B?sicos,Madeira e Papel,Papel e Celulose,NEMO
Materiais B?sicos,Madeira e Papel,Papel e Celulose,SUZB
Materiais B?sicos,Embalagens,Embalagens,RANI
Materiais B?sicos,Materiais Diversos,Materiais Diversos,SNSY
Bens Industriais,Constru??o e Engenharia,Produtos para Constru??o,ETER
Bens Industriais,Constru??o e Engenharia,Produtos para Constru??o,HAGA
Bens Industriais,Constru??o e Engenharia,Produtos para Constru??o,PTBL
Bens Industriais,Constru??o e Engenharia,Constru??o Pesada,AZEV
Bens Industriais,Constru??o e Engenharia,Engenharia Consultiva,SOND
Bens Industriais,Material de Transporte,Material Aeron?utico e de Defesa,EMBR
Bens Industriais,Material de Transporte,Material Rodovi?rio,FRAS
Bens Industriais,Material de Transporte,Material Rodovi?rio,POMO
Bens Industriais,Material de Transporte,Material Rodovi?rio,RAPT
Bens Industriais,Material de Transporte,Material Rodovi?rio,RCSL
Bens Industriais,Material de Transporte,Material Rodovi?rio,RSUL
Bens Industriais,Material de Transporte,Material Rodovi?rio,TUPY
Bens Industriais,Material de Transporte,Material Rodovi?rio,MWET
Bens Industriais,M?quinas e Equipamentos,"Motores, Compressores e Outros",SHUL
Bens Industriais,M?quinas e Equipamentos,"Motores, Compressores e Outros",WEGE
Bens Industriais,M?quinas e Equipamentos,M?q. e Equip. Industriais,EALT
Bens Industriais,M?quinas e Equipamentos,M?q. e Equip. Industriais,AERI
Bens Industriais,M?quinas e Equipamentos,M?q. e Equip. Industriais,ARML
Bens Industriais,M?quinas e Equipamentos,M?q. e Equip. Industriais,BDLL
Bens Industriais,M?quinas e Equipamentos,M?q. e Equip. Industriais,INEP
Bens Industriais,M?quinas e Equipamentos,M?q. e Equip. Industriais,KEPL
Bens Industriais,M?quinas e Equipamentos,M?q. e Equip. Industriais,FRIO
Bens Industriais,M?quinas e Equipamentos,M?q. e Equip. Industriais,MILS
Bens Industriais,M?quinas e Equipamentos,M?q. e Equip. Industriais,NORD
Bens Industriais,M?quinas e Equipamentos,M?q. e Equip. Industriais,PTCA
Bens Industriais,M?quinas e Equipamentos,M?q. e Equip. Industriais,ROMI
Bens Industriais,M?quinas e Equipamentos,M?q. e Equip. Constru??o e Agr?colas,MTSA
Bens Industriais,M?quinas e Equipamentos,Armas e Muni??es,TASA
Bens Industriais,Transporte,Linhas A?reas de Passageiros,AZUL
Bens Industriais,Transporte,Linhas A?reas de Passageiros,GOLL
Bens Industriais,Transporte,Transporte Ferrovi?rio,FRRN
Bens Industriais,Transporte,Transporte Ferrovi?rio,VSPT
Bens Industriais,Transporte,Transporte Ferrovi?rio,MRSA
Bens Industriais,Transporte,Transporte Ferrovi?rio,RAIL
Bens Industriais,Transporte,Transporte Hidrovi?rio,HBSA
Bens Industriais,Transporte,Transporte Hidrovi?rio,LOGN
Bens Industriais,Transporte,Transporte Hidrovi?rio,LUXM
Bens Industriais,Transporte,Transporte Rodovi?rio,JSLG
Bens Industriais,Transporte,Transporte Rodovi?rio,TGMA
Bens Industriais,Transporte,Explora??o de Rodovias,CCRO
Bens Industriais,Transporte,Explora??o de Rodovias,CRTE
Bens Industriais,Transporte,Explora??o de Rodovias,ECOR
Bens Industriais,Transporte,Explora??o de Rodovias,RDVT
Bens Industriais,Transporte,Explora??o de Rodovias,TPIS
Bens Industriais,Transporte,Servi?os de Apoio e Armazenagem,AGRU
Bens Industriais,Transporte,Servi?os de Apoio e Armazenagem,HMOB
Bens Industriais,Transporte,Servi?os de Apoio e Armazenagem,IVPR
Bens Industriais,Transporte,Servi?os de Apoio e Armazenagem,PSVM
Bens Industriais,Transporte,Servi?os de Apoio e Armazenagem,SAIP
Bens Industriais,Transporte,Servi?os de Apoio e Armazenagem,STBP
Bens Industriais,Transporte,Servi?os de Apoio e Armazenagem,PORT
Bens Industriais,Servi?os Diversos,Servi?os Diversos,ATMP
Bens Industriais,Servi?os Diversos,Servi?os Diversos,BBML
Bens Industriais,Servi?os Diversos,Servi?os Diversos,DTCY
Bens Industriais,Servi?os Diversos,Servi?os Diversos,ALPK
Bens Industriais,Servi?os Diversos,Servi?os Diversos,GGPS
Bens Industriais,Servi?os Diversos,Servi?os Diversos,PRNR
Bens Industriais,Servi?os Diversos,Servi?os Diversos,SEQL
Bens Industriais,Servi?os Diversos,Servi?os Diversos,VLID
Bens Industriais,Com?rcio,Material de Transporte,EPAR
Bens Industriais,Com?rcio,Material de Transporte,MMAQ
Bens Industriais,Com?rcio,Material de Transporte,RBNS
Bens Industriais,Com?rcio,Material de Transporte,WLMM
Consumo n?o C?clico,Agropecu?ria,Agricultura,TTEN
Consumo n?o C?clico,Agropecu?ria,Agricultura,GRAO
Consumo n?o C?clico,Agropecu?ria,Agricultura,AGXY
Consumo n?o C?clico,Agropecu?ria,Agricultura,APTI
Consumo n?o C?clico,Agropecu?ria,Agricultura,SOJA
Consumo n?o C?clico,Agropecu?ria,Agricultura,AGRO
Consumo n?o C?clico,Agropecu?ria,Agricultura,CTCA
Consumo n?o C?clico,Agropecu?ria,Agricultura,EGGY
Consumo n?o C?clico,Agropecu?ria,Agricultura,SLCE
Consumo n?o C?clico,Agropecu?ria,Agricultura,LAND
Consumo n?o C?clico,Alimentos Processados,A?ucar e Alcool,JALL
Consumo n?o C?clico,Alimentos Processados,A?ucar e Alcool,SMTO
Consumo n?o C?clico,Alimentos Processados,Carnes e Derivados,BRFS
Consumo n?o C?clico,Alimentos Processados,Carnes e Derivados,BAUH
Consumo n?o C?clico,Alimentos Processados,Carnes e Derivados,JBSS
Consumo n?o C?clico,Alimentos Processados,Carnes e Derivados,MRFG
Consumo n?o C?clico,Alimentos Processados,Carnes e Derivados,BEEF
Consumo n?o C?clico,Alimentos Processados,Carnes e Derivados,MNPR
Consumo n?o C?clico,Alimentos Processados,Alimentos Diversos,CAML
Consumo n?o C?clico,Alimentos Processados,Alimentos Diversos,JOPA
Consumo n?o C?clico,Alimentos Processados,Alimentos Diversos,MDIA
Consumo n?o C?clico,Alimentos Processados,Alimentos Diversos,ODER
Consumo n?o C?clico,Bebidas,Cervejas e Refrigerantes,ABEV
Consumo n?o C?clico,Produtos de Cuidado Pessoal e de Limpeza,Produtos de Cuidado Pessoal,NTCO
Consumo n?o C?clico,Produtos de Cuidado Pessoal e de Limpeza,Produtos de Limpeza,BOBR
Consumo n?o C?clico,Com?rcio e Distribui??o,Alimentos,ASAI
Consumo n?o C?clico,Com?rcio e Distribui??o,Alimentos,CRFB
Consumo n?o C?clico,Com?rcio e Distribui??o,Alimentos,EXCO
Consumo n?o C?clico,Com?rcio e Distribui??o,Alimentos,GMAT
Consumo n?o C?clico,Com?rcio e Distribui??o,Alimentos,PCAR
Consumo C?clico,Constru??o Civil,Incorpora??es,AVLL
Consumo C?clico,Constru??o Civil,Incorpora??es,CALI
Consumo C?clico,Constru??o Civil,Incorpora??es,CURY
Consumo C?clico,Constru??o Civil,Incorpora??es,CYRE
Consumo C?clico,Constru??o Civil,Incorpora??es,DIRR
Consumo C?clico,Constru??o Civil,Incorpora??es,EVEN
Consumo C?clico,Constru??o Civil,Incorpora??es,EZTC
Consumo C?clico,Constru??o Civil,Incorpora??es,FIEI
Consumo C?clico,Constru??o Civil,Incorpora??es,GFSA
Consumo C?clico,Constru??o Civil,Incorpora??es,HBOR
Consumo C?clico,Constru??o Civil,Incorpora??es,INNC
Consumo C?clico,Constru??o Civil,Incorpora??es,JHSF
Consumo C?clico,Constru??o Civil,Incorpora??es,JFEN
Consumo C?clico,Constru??o Civil,Incorpora??es,KLAS
Consumo C?clico,Constru??o Civil,Incorpora??es,LAVV
Consumo C?clico,Constru??o Civil,Incorpora??es,MELK
Consumo C?clico,Constru??o Civil,Incorpora??es,MTRE
Consumo C?clico,Constru??o Civil,Incorpora??es,MDNE
Consumo C?clico,Constru??o Civil,Incorpora??es,MRVE
Consumo C?clico,Constru??o Civil,Incorpora??es,PDGR
Consumo C?clico,Constru??o Civil,Incorpora??es,PLPL
Consumo C?clico,Constru??o Civil,Incorpora??es,RDNI
Consumo C?clico,Constru??o Civil,Incorpora??es,RSID
Consumo C?clico,Constru??o Civil,Incorpora??es,TCSA
Consumo C?clico,Constru??o Civil,Incorpora??es,TEGA
Consumo C?clico,Constru??o Civil,Incorpora??es,TEND
Consumo C?clico,Constru??o Civil,Incorpora??es,TRIS
Consumo C?clico,Constru??o Civil,Incorpora??es,VIVR
Consumo C?clico,"Tecidos, Vestu?rio e Cal?ados",Fios e Tecidos,CEDO
Consumo C?clico,"Tecidos, Vestu?rio e Cal?ados",Fios e Tecidos,CTNM
Consumo C?clico,"Tecidos, Vestu?rio e Cal?ados",Fios e Tecidos,DOHL
Consumo C?clico,"Tecidos, Vestu?rio e Cal?ados",Fios e Tecidos,CATA
Consumo C?clico,"Tecidos, Vestu?rio e Cal?ados",Fios e Tecidos,CTKA
Consumo C?clico,"Tecidos, Vestu?rio e Cal?ados",Fios e Tecidos,PTNT
Consumo C?clico,"Tecidos, Vestu?rio e Cal?ados",Fios e Tecidos,CTSA
Consumo C?clico,"Tecidos, Vestu?rio e Cal?ados",Fios e Tecidos,SGPS
Consumo C?clico,"Tecidos, Vestu?rio e Cal?ados",Fios e Tecidos,TEKA
Consumo C?clico,"Tecidos, Vestu?rio e Cal?ados",Fios e Tecidos,TXRX
Consumo C?clico,"Tecidos, Vestu?rio e Cal?ados",Vestu?rio,TFCO
Consumo C?clico,"Tecidos, Vestu?rio e Cal?ados",Cal?ados,ALPA
Consumo C?clico,"Tecidos, Vestu?rio e Cal?ados",Cal?ados,CAMB
Consumo C?clico,"Tecidos, Vestu?rio e Cal?ados",Cal?ados,GRND
Consumo C?clico,"Tecidos, Vestu?rio e Cal?ados",Cal?ados,VULC
Consumo C?clico,"Tecidos, Vestu?rio e Cal?ados",Acess?rios,MNDL
Consumo C?clico,"Tecidos, Vestu?rio e Cal?ados",Acess?rios,TECN
Consumo C?clico,"Tecidos, Vestu?rio e Cal?ados",Acess?rios,VIVA
Consumo C?clico,Utilidades Dom?sticas,Eletrodom?sticos,WHRL
Consumo C?clico,Utilidades Dom?sticas,M?veis,MBLY
Consumo C?clico,Utilidades Dom?sticas,M?veis,UCAS
Consumo C?clico,Utilidades Dom?sticas,M?veis,WEST
Consumo C?clico,Utilidades Dom?sticas,Utens?lios Dom?sticos,HETA
Consumo C?clico,Autom?veis e Motocicletas,Autom?veis e Motocicletas,MYPK
Consumo C?clico,Autom?veis e Motocicletas,Autom?veis e Motocicletas,LEVE
Consumo C?clico,Autom?veis e Motocicletas,Autom?veis e Motocicletas,PLAS
Consumo C?clico,Hoteis e Restaurantes,Hotelaria,HOOT
Consumo C?clico,Hoteis e Restaurantes,Restaurante e Similares,MEAL
Consumo C?clico,Hoteis e Restaurantes,Restaurante e Similares,ZAMP
Consumo C?clico,Viagens e Lazer,Bicicletas,BMKS
Consumo C?clico,Viagens e Lazer,Brinquedos e Jogos,ESTR
Consumo C?clico,Viagens e Lazer,Produ??o de Eventos e Shows,AHEB
Consumo C?clico,Viagens e Lazer,Produ??o de Eventos e Shows,SHOW
Consumo C?clico,Viagens e Lazer,Viagens e Turismo,CVCB
Consumo C?clico,Viagens e Lazer,Atividades Esportivas,SMFT
Consumo C?clico,Diversos,Servi?os Educacionais,ANIM
Consumo C?clico,Diversos,Servi?os Educacionais,BAHI
Consumo C?clico,Diversos,Servi?os Educacionais,COGN
Consumo C?clico,Diversos,Servi?os Educacionais,CSED
Consumo C?clico,Diversos,Servi?os Educacionais,SEER
Consumo C?clico,Diversos,Servi?os Educacionais,VTRU
Consumo C?clico,Diversos,Servi?os Educacionais,YDUQ
Consumo C?clico,Diversos,Aluguel de carros,RENT
Consumo C?clico,Diversos,Aluguel de carros,MOVI
Consumo C?clico,Diversos,Aluguel de carros,VAMO
Consumo C?clico,Diversos,Programas de Fideliza??o,DOTZ
Consumo C?clico,Com?rcio Varejista,"Tecidos, Vestu?rio e Cal?ados",AZZA
Consumo C?clico,Com?rcio Varejista,"Tecidos, Vestu?rio e Cal?ados",CEAB
Consumo C?clico,Com?rcio Varejista,"Tecidos, Vestu?rio e Cal?ados",CGRA
Consumo C?clico,Com?rcio Varejista,"Tecidos, Vestu?rio e Cal?ados",GUAR
Consumo C?clico,Com?rcio Varejista,"Tecidos, Vestu?rio e Cal?ados",AMAR
Consumo C?clico,Com?rcio Varejista,"Tecidos, Vestu?rio e Cal?ados",LREN
Consumo C?clico,Com?rcio Varejista,"Tecidos, Vestu?rio e Cal?ados",VSTE
Consumo C?clico,Com?rcio Varejista,Eletrodom?sticos,ALLD
Consumo C?clico,Com?rcio Varejista,Eletrodom?sticos,BHIA
Consumo C?clico,Com?rcio Varejista,Eletrodom?sticos,MGLU
Consumo C?clico,Com?rcio Varejista,Produtos Diversos,AMER
Consumo C?clico,Com?rcio Varejista,Produtos Diversos,ESPA
Consumo C?clico,Com?rcio Varejista,Produtos Diversos,SBFG
Consumo C?clico,Com?rcio Varejista,Produtos Diversos,LLBI
Consumo C?clico,Com?rcio Varejista,Produtos Diversos,PETZ
Consumo C?clico,Com?rcio Varejista,Produtos Diversos,LJQQ
Sa?de,Medicamentos e Outros Produtos,Medicamentos e Outros Produtos,BIOM
Sa?de,Medicamentos e Outros Produtos,Medicamentos e Outros Produtos,NRTQ
Sa?de,Medicamentos e Outros Produtos,Medicamentos e Outros Produtos,OFSA
Sa?de,"Servi?os M?dico - Hospitalares, An?lises e Diagn?sticos","Servi?os M?dico - Hospitalares, An?lises e Diagn?sticos",AALR
Sa?de,"Servi?os M?dico - Hospitalares, An?lises e Diagn?sticos","Servi?os M?dico - Hospitalares, An?lises e Diagn?sticos",DASA
Sa?de,"Servi?os M?dico - Hospitalares, An?lises e Diagn?sticos","Servi?os M?dico - Hospitalares, An?lises e Diagn?sticos",FLRY
Sa?de,"Servi?os M?dico - Hospitalares, An?lises e Diagn?sticos","Servi?os M?dico - Hospitalares, An?lises e Diagn?sticos",HAPV
Sa?de,"Servi?os M?dico - Hospitalares, An?lises e Diagn?sticos","Servi?os M?dico - Hospitalares, An?lises e Diagn?sticos",KRSA
Sa?de,"Servi?os M?dico - Hospitalares, An?lises e Diagn?sticos","Servi?os M?dico - Hospitalares, An?lises e Diagn?sticos",MATD
Sa?de,"Servi?os M?dico - Hospitalares, An?lises e Diagn?sticos","Servi?os M?dico - Hospitalares, An?lises e Diagn?sticos",ODPV
Sa?de,"Servi?os M?dico - Hospitalares, An?lises e Diagn?sticos","Servi?os M?dico - Hospitalares, An?lises e Diagn?sticos",ONCO
Sa?de,"Servi?os M?dico - Hospitalares, An?lises e Diagn?sticos","Servi?os M?dico - Hospitalares, An?lises e Diagn?sticos",QUAL
Sa?de,"Servi?os M?dico - Hospitalares, An?lises e Diagn?sticos","Servi?os M?dico - Hospitalares, An?lises e Diagn?sticos",RDOR
Sa?de,Equipamentos,Equipamentos,BALM
Sa?de,Equipamentos,Equipamentos,LMED
Sa?de,Com?rcio e Distribui??o,Medicamentos e Outros Produtos,BLAU
Sa?de,Com?rcio e Distribui??o,Medicamentos e Outros Produtos,DMVF
Sa?de,Com?rcio e Distribui??o,Medicamentos e Outros Produtos,PNVL
Sa?de,Com?rcio e Distribui??o,Medicamentos e Outros Produtos,EUFA
Sa?de,Com?rcio e Distribui??o,Medicamentos e Outros Produtos,HYPE
Sa?de,Com?rcio e Distribui??o,Medicamentos e Outros Produtos,PGMN
Sa?de,Com?rcio e Distribui??o,Medicamentos e Outros Produtos,PFRM
Sa?de,Com?rcio e Distribui??o,Medicamentos e Outros Produtos,RADL
Sa?de,Com?rcio e Distribui??o,Medicamentos e Outros Produtos,VVEO
Tecnologia da Informa??o,Computadores e Equipamentos,Computadores e Equipamentos,INTB
Tecnologia da Informa??o,Computadores e Equipamentos,Computadores e Equipamentos,MLAS
Tecnologia da Informa??o,Computadores e Equipamentos,Computadores e Equipamentos,POSI
Tecnologia da Informa??o,Programas e Servi?os,Programas e Servi?os,BMOB
Tecnologia da Informa??o,Programas e Servi?os,Programas e Servi?os,BRQB
Tecnologia da Informa??o,Programas e Servi?os,Programas e Servi?os,ENJU
Tecnologia da Informa??o,Programas e Servi?os,Programas e Servi?os,NINJ
Tecnologia da Informa??o,Programas e Servi?os,Programas e Servi?os,IFCM
Tecnologia da Informa??o,Programas e Servi?os,Programas e Servi?os,LWSA
Tecnologia da Informa??o,Programas e Servi?os,Programas e Servi?os,CASH
Tecnologia da Informa??o,Programas e Servi?os,Programas e Servi?os,NGRD
Tecnologia da Informa??o,Programas e Servi?os,Programas e Servi?os,PDTC
Tecnologia da Informa??o,Programas e Servi?os,Programas e Servi?os,QUSW
Tecnologia da Informa??o,Programas e Servi?os,Programas e Servi?os,TRAD
Tecnologia da Informa??o,Programas e Servi?os,Programas e Servi?os,TOTS
Tecnologia da Informa??o,Programas e Servi?os,Programas e Servi?os,LVTC
Comunica??es,Telecomunica??es,Telecomunica??es,BRIT
Comunica??es,Telecomunica??es,Telecomunica??es,DESK
Comunica??es,Telecomunica??es,Telecomunica??es,OIBR
Comunica??es,Telecomunica??es,Telecomunica??es,TELB
Comunica??es,Telecomunica??es,Telecomunica??es,VIVT
Comunica??es,Telecomunica??es,Telecomunica??es,TIMS
Comunica??es,Telecomunica??es,Telecomunica??es,FIQE
Comunica??es,M?dia,Publicidade e Propaganda,ELMD
Utilidade P?blica,Energia El?trica,Energia El?trica,AESB
Utilidade P?blica,Energia El?trica,Energia El?trica,AESO
Utilidade P?blica,Energia El?trica,Energia El?trica,AFLT
Utilidade P?blica,Energia El?trica,Energia El?trica,ALUP
Utilidade P?blica,Energia El?trica,Energia El?trica,CBEE
Utilidade P?blica,Energia El?trica,Energia El?trica,AURE
Utilidade P?blica,Energia El?trica,Energia El?trica,CEBR
Utilidade P?blica,Energia El?trica,Energia El?trica,CEED
Utilidade P?blica,Energia El?trica,Energia El?trica,CLSC
Utilidade P?blica,Energia El?trica,Energia El?trica,GPAR
Utilidade P?blica,Energia El?trica,Energia El?trica,CMIG
Utilidade P?blica,Energia El?trica,Energia El?trica,CEEB
Utilidade P?blica,Energia El?trica,Energia El?trica,COCE
Utilidade P?blica,Energia El?trica,Energia El?trica,COMR
Utilidade P?blica,Energia El?trica,Energia El?trica,CPLE
Utilidade P?blica,Energia El?trica,Energia El?trica,CSRN
Utilidade P?blica,Energia El?trica,Energia El?trica,CPFE
Utilidade P?blica,Energia El?trica,Energia El?trica,EKTR
Utilidade P?blica,Energia El?trica,Energia El?trica,ELET
Utilidade P?blica,Energia El?trica,Energia El?trica,LIPR
Utilidade P?blica,Energia El?trica,Energia El?trica,EMAE
Utilidade P?blica,Energia El?trica,Energia El?trica,ENGI
Utilidade P?blica,Energia El?trica,Energia El?trica,ENMT
Utilidade P?blica,Energia El?trica,Energia El?trica,ENEV
Utilidade P?blica,Energia El?trica,Energia El?trica,EGIE
Utilidade P?blica,Energia El?trica,Energia El?trica,EQPA
Utilidade P?blica,Energia El?trica,Energia El?trica,EQMA
Utilidade P?blica,Energia El?trica,Energia El?trica,EQTL
Utilidade P?blica,Energia El?trica,Energia El?trica,GEPA
Utilidade P?blica,Energia El?trica,Energia El?trica,LIGH
Utilidade P?blica,Energia El?trica,Energia El?trica,LIGT
Utilidade P?blica,Energia El?trica,Energia El?trica,NEOE
Utilidade P?blica,Energia El?trica,Energia El?trica,SRNA
Utilidade P?blica,Energia El?trica,Energia El?trica,PRMN
Utilidade P?blica,Energia El?trica,Energia El?trica,REDE
Utilidade P?blica,Energia El?trica,Energia El?trica,RNEW
Utilidade P?blica,Energia El?trica,Energia El?trica,SAEN
Utilidade P?blica,Energia El?trica,Energia El?trica,TAEE
Utilidade P?blica,Energia El?trica,Energia El?trica,TRPL
Utilidade P?blica,Energia El?trica,Energia El?trica,UPKP
Utilidade P?blica,?gua e Saneamento,?gua e Saneamento,AMBP
Utilidade P?blica,?gua e Saneamento,?gua e Saneamento,CASN
Utilidade P?blica,?gua e Saneamento,?gua e Saneamento,CSMG
Utilidade P?blica,?gua e Saneamento,?gua e Saneamento,IGSN
Utilidade P?blica,?gua e Saneamento,?gua e Saneamento,ORVR
Utilidade P?blica,?gua e Saneamento,?gua e Saneamento,SBSP
Utilidade P?blica,?gua e Saneamento,?gua e Saneamento,SAPR
Utilidade P?blica,G?s,G?s,CEGR
Utilidade P?blica,G?s,G?s,CGAS
Utilidade P?blica,G?s,G?s,PASS
Financeiro,Intermedi?rios Financeiros,Bancos,ABCB
Financeiro,Intermedi?rios Financeiros,Bancos,RPAD
Financeiro,Intermedi?rios Financeiros,Bancos,BAZA
Financeiro,Intermedi?rios Financeiros,Bancos,BMGB
Financeiro,Intermedi?rios Financeiros,Bancos,BPAN
Financeiro,Intermedi?rios Financeiros,Bancos,BGIP
Financeiro,Intermedi?rios Financeiros,Bancos,BEES
Financeiro,Intermedi?rios Financeiros,Bancos,BPAR
Financeiro,Intermedi?rios Financeiros,Bancos,BRSR
Financeiro,Intermedi?rios Financeiros,Bancos,BRBI
Financeiro,Intermedi?rios Financeiros,Bancos,BBDC
Financeiro,Intermedi?rios Financeiros,Bancos,BBAS
Financeiro,Intermedi?rios Financeiros,Bancos,BSLI
Financeiro,Intermedi?rios Financeiros,Bancos,BPAC
Financeiro,Intermedi?rios Financeiros,Bancos,INBR
Financeiro,Intermedi?rios Financeiros,Bancos,ITUB
Financeiro,Intermedi?rios Financeiros,Bancos,BMEB
Financeiro,Intermedi?rios Financeiros,Bancos,BMIN
Financeiro,Intermedi?rios Financeiros,Bancos,BNBR
Financeiro,Intermedi?rios Financeiros,Bancos,PINE
Financeiro,Intermedi?rios Financeiros,Bancos,SANB
Financeiro,Intermedi?rios Financeiros,Soc. Cr?dito e Financiamento,DMFN
Financeiro,Intermedi?rios Financeiros,Soc. Cr?dito e Financiamento,MERC
Financeiro,Securitizadoras de Receb?veis,Securitizadoras de Receb?veis,BSCS
Financeiro,Securitizadoras de Receb?veis,Securitizadoras de Receb?veis,RBRA
Financeiro,Securitizadoras de Receb?veis,Securitizadoras de Receb?veis,PLSC
Financeiro,Servi?os Financeiros Diversos,Gest?o de Recursos e Investimentos,G2DI
Financeiro,Servi?os Financeiros Diversos,Gest?o de Recursos e Investimentos,GPIV
Financeiro,Servi?os Financeiros Diversos,Gest?o de Recursos e Investimentos,PPLA
Financeiro,Servi?os Financeiros Diversos,Servi?os Financeiros Diversos,B3SA
Financeiro,Servi?os Financeiros Diversos,Servi?os Financeiros Diversos,CLSA
Financeiro,Servi?os Financeiros Diversos,Servi?os Financeiros Diversos,CSUD
Financeiro,Servi?os Financeiros Diversos,Servi?os Financeiros Diversos,EFXB
Financeiro,Servi?os Financeiros Diversos,Servi?os Financeiros Diversos,EVTC
Financeiro,Servi?os Financeiros Diversos,Servi?os Financeiros Diversos,STOC
Financeiro,Servi?os Financeiros Diversos,Servi?os Financeiros Diversos,XPBR
Financeiro,Previd?ncia e Seguros,Seguradoras,BBSE
Financeiro,Previd?ncia e Seguros,Seguradoras,CXSE
Financeiro,Previd?ncia e Seguros,Seguradoras,PSSA
Financeiro,Previd?ncia e Seguros,Resseguradoras,IRBR
Financeiro,Previd?ncia e Seguros,Corretoras de Seguros e Resseguros,WIZC
Financeiro,Explora??o de Im?veis,Explora??o de Im?veis,ALOS
Financeiro,Explora??o de Im?veis,Explora??o de Im?veis,GSHP
Financeiro,Explora??o de Im?veis,Explora??o de Im?veis,HBTS
Financeiro,Explora??o de Im?veis,Explora??o de Im?veis,HBRE
Financeiro,Explora??o de Im?veis,Explora??o de Im?veis,IGTI
Financeiro,Explora??o de Im?veis,Explora??o de Im?veis,LOGG
Financeiro,Explora??o de Im?veis,Explora??o de Im?veis,MNZC
Financeiro,Explora??o de Im?veis,Explora??o de Im?veis,MULT
Financeiro,Explora??o de Im?veis,Explora??o de Im?veis,PEAB
Financeiro,Explora??o de Im?veis,Explora??o de Im?veis,SCAR
Financeiro,Explora??o de Im?veis,Explora??o de Im?veis,SYNE
Financeiro,Explora??o de Im?veis,Intermedia??o Imobili?ria,LPSB
Financeiro,Explora??o de Im?veis,Intermedia??o Imobili?ria,NEXP
Financeiro,Holdings Diversificadas,Holdings Diversificadas,ITSA
Financeiro,Holdings Diversificadas,Holdings Diversificadas,MOAR
Financeiro,Holdings Diversificadas,Holdings Diversificadas,SIMH
Financeiro,Outros T?tulos,Outros T?tulos,CTBA
Financeiro,Outros T?tulos,Outros T?tulos,MCRJ
Financeiro,Outros T?tulos,Outros T?tulos,PMSP
Outros,Outros,Outros,QVQP
Outros,Outros,Outros,ATOM
Outros,Outros,Outros,BETP
Outros,Outros,Outros,MAPT
Outros,Outros,Outros,CMSA
Outros,Outros,Outros,OPGM
Outros,Outros,Outros,FIGE
Outros,Outros,Outros,PPAR
Outros,Outros,Outros,PRPT
Outros,Outros,Outros,OPSE
Outros,Outros,Outros,OPTS
Outros,Outros,Outros,YBRA
