CD_CVM,KPI,FILE_NAME,CD_CONTA,DS_CONTA
20257,PROFIT,-1,3.11,-1
1023,PROFIT,dfp_cia_aberta_DRE_ind_2019,3.13,-1
1023,PROFIT,itr_cia_aberta_DRE_ind_2019,3.13,-1
1023,PROFIT,itr_cia_aberta_DRE_ind_2020,3.13,-1
1023,PROFIT,-1,3.11,-1
18376,PROFIT,-1,3.11,-1
906,PROFIT,dfp_cia_aberta_DRE_ind_2019,3.13,-1
906,PROFIT,itr_cia_aberta_DRE_ind_2019,3.13,-1
906,PROFIT,itr_cia_aberta_DRE_ind_2020,-1,Lucro ou Prejuízo Líquido do Período
906,PROFIT,itr_cia_aberta_DRE_ind_2020,-1,Lucro/Prejuízo do Período
906,PROFIT,-1,3.11,-1
