CD_CVM,KPI,FILE_PERIOD,YEAR_START,YEAR_END,CD_CONTA,DS_CONTA
906,PROFIT,itr,2011,2019,3.13,-1
906,PROFIT,itr,2020,2020,-1,Lucro ou Prejuízo Líquido do Período
906,PROFIT,itr,2020,2020,-1,Lucro/Prejuízo do Período
906,PROFIT,itr,2021,-1,3.11,-1
906,PROFIT,dfp,2011,2019,3.09,-1
906,PROFIT,dfp,2020,-1,3.11,-1
1023,PROFIT,itr,2011,2020,3.13,-1
1023,PROFIT,itr,2021,-1,3.11,-1
1023,PROFIT,dfp,2011,2019,3.09,-1
1023,PROFIT,dfp,2020,-1,3.11,-1
2453,PROFIT,all,2011,-1,3.11,-1
14443,PROFIT,all,2011,-1,3.11,-1
18376,PROFIT,all,2011,-1,3.11,-1
18627,PROFIT,all,2011,-1,3.11,-1
18660,PROFIT,all,2011,-1,3.11,-1
19348,PROFIT,itr,2011,2011,3.09,-1
19348,PROFIT,itr,2012,2012,3.13,-1
19348,PROFIT,itr,2013,-1,3.09,-1
19348,PROFIT,dfp,2011,-1,3.09,-1
19445,PROFIT,all,2011,-1,3.11,-1
20257,PROFIT,all,2011,-1,3.11,-1
2437,PROFIT,all,2011,-1,3.11,-1
15539,PROFIT,all,2011,-1,3.11,-1
17329,PROFIT,all,2011,-1,3.11,-1
20010,PROFIT,all,2011,-1,3.11,-1
922,PROFIT,all,2011,2019,3.13,-1
922,PROFIT,itr,2020,2020,-1,Lucro ou Prejuízo Líquido do Período
922,PROFIT,itr,2020,2020,-1,Lucro/Prejuízo do Período
922,PROFIT,itr,2021,-1,3.11,-1
922,PROFIT,dfp,2020,-1,3.11,-1
20532,PROFIT,all,2011,2019,3.09,-1
20532,PROFIT,itr,2020,2020,-1,Lucro ou Prejuízo Líquido Consolidado do Período
20532,PROFIT,itr,2020,2020,-1,Lucro/Prejuízo Consolidado do Período
20532,PROFIT,itr,2021,-1,3.09,-1
20532,PROFIT,dfp,2020,-1,3.11,-1
22616,PROFIT,itr,2011,-1,3.13,-1
22616,PROFIT,dfp,2011,2019,3.09,-1
22616,PROFIT,dfp,2020,-1,3.13,-1
906,EQUITY,itr,2011,2019,2.05,-1
906,EQUITY,itr,2020,2020,-1,Patrimônio Líquido
906,EQUITY,itr,2021,-1,2.07,-1
906,EQUITY,dfp,2011,2019,2.08,-1
906,EQUITY,dfp,2020,-1,2.07,-1
1023,EQUITY,itr,2011,2020,2.05,-1
1023,EQUITY,itr,2021,-1,2.07,-1
1023,EQUITY,dfp,2011,2019,2.08,-1
1023,EQUITY,dfp,2020,-1,2.07,-1
2453,EQUITY,all,2011,-1,2.03,-1
18376,EQUITY,all,2011,-1,2.03,-1
18660,EQUITY,all,2011,-1,2.03,-1
19348,EQUITY,all,2011,-1,2.08,-1
20257,EQUITY,all,2011,-1,2.03,-1
14443,EQUITY,all,2011,-1,2.03,-1
18627,EQUITY,all,2011,-1,2.03,-1
19445,EQUITY,all,2011,-1,2.03,-1
922,EQUITY,all,2011,2019,2.05,-1
922,EQUITY,itr,2020,2020,-1,Patrimônio Líquido
922,EQUITY,itr,2021,-1,2.07,-1
922,EQUITY,dfp,2020,-1,2.07,-1
20532,EQUITY,all,2011,2019,2.08,-1
20532,EQUITY,itr,2020,2020,-1,Patrimônio Líquido Consolidado
20532,EQUITY,itr,2021,-1,2.08,-1
20532,EQUITY,dfp,2020,-1,2.07,-1
22616,EQUITY,itr,2011,-1,2.05,-1
22616,EQUITY,dfp,2011,2019,2.08,-1
22616,EQUITY,dfp,2020,-1,2.05,-1
2437,EQUITY,all,2011,-1,2.03,-1
15539,EQUITY,all,2011,-1,2.03,-1
17329,EQUITY,all,2011,-1,2.03,-1
20010,EQUITY,all,2011,-1,2.03,-1
906,EBIT,itr,2011,2019,3.07,-1
906,EBIT,itr,2020,2020,-1,Resultado antes dos Tributos sobre o Lucro
906,EBIT,itr,2020,2020,-1,Resultado Antes Tributação/Participações
906,EBIT,itr,2021,-1,3.05,-1
906,EBIT,dfp,2011,-1,3.05,-1
1023,EBIT,itr,2011,2020,3.07,-1
1023,EBIT,itr,2021,-1,3.05,-1
1023,EBIT,dfp,2011,-1,3.05,-1
2453,EBIT,all,2011,-1,3.05,-1
18376,EBIT,all,2011,-1,3.05,-1
18660,EBIT,all,2011,-1,3.05,-1
19348,EBIT,all,2011,-1,3.05,-1
20257,EBIT,all,2011,-1,3.05,-1
14443,EBIT,all,2011,-1,3.05,-1
18627,EBIT,all,2011,-1,3.05,-1
19445,EBIT,all,2011,-1,3.05,-1
922,EBIT,all,2011,2019,3.07,-1
922,EBIT,itr,2020,2020,-1,Resultado antes dos Tributos sobre o Lucro
922,EBIT,itr,2020,2020,-1,Resultado Antes Tributação/Participações
922,EBIT,itr,2021,-1,3.05,-1
922,EBIT,dfp,2021,-1,3.05,-1
20532,EBIT,all,2011,-1,3.05,-1
22616,EBIT,itr,2011,-1,3.07,-1
22616,EBIT,dfp,2011,2019,3.05,-1
22616,EBIT,dfp,2020,-1,3.07,-1
2437,EBIT,all,2011,-1,3.05,-1
15539,EBIT,all,2011,-1,3.05,-1
17329,EBIT,all,2011,-1,3.05,-1
20010,EBIT,all,2011,-1,3.05,-1
18376,X_EBITDA-NEG,all,2011,-1,3.04.04,-1
18376,X_EBITDA-NEG,all,2011,-1,3.04.05,-1
20257,X_EBITDA-NEG,itr,2011,-1,3.02.04,-1
20257,X_EBITDA-NEG,itr,2011,2018,3.04.02.03,-1
20257,X_EBITDA-NEG,itr,2018,2018,3.04.02.04,-1
20257,X_EBITDA-NEG,itr,2019,2019,3.04.02.04,-1
20257,X_EBITDA-NEG,itr,2020,-1,3.04.02.03,-1
20257,X_EBITDA-NEG,dfp,2011,2011,3.04.05.02,-1
20257,X_EBITDA-NEG,dfp,2012,2017,3.04.02.03,-1
20257,X_EBITDA-NEG,dfp,2017,-1,3.02.04,-1
20257,X_EBITDA-NEG,dfp,2018,2020,3.04.02.04,-1
20257,X_EBITDA-NEG,dfp,2020,-1,3.04.02.03,-1
2453,DEBT,all,2011,-1,2.01.04,-1
2453,DEBT,all,2011,-1,2.02.01,-1
18376,DEBT,all,2011,-1,2.01.04,-1
18376,DEBT,all,2011,-1,2.02.01,-1
18660,DEBT,all,2011,-1,2.01.04,-1
18660,DEBT,all,2011,-1,2.02.01,-1
20257,DEBT,all,2011,-1,2.01.04,-1
20257,DEBT,all,2011,-1,2.02.01,-1
14443,DEBT,all,2011,-1,2.01.04,-1
14443,DEBT,all,2011,-1,2.02.01,-1
18627,DEBT,all,2011,-1,2.01.04,-1
18627,DEBT,all,2011,-1,2.02.01,-1
19445,DEBT,all,2011,-1,2.01.04,-1
19445,DEBT,all,2011,-1,2.02.01,-1
2437,DEBT,all,2011,-1,2.01.04,-1
2437,DEBT,all,2011,-1,2.02.01,-1
15539,DEBT,all,2011,-1,2.01.04,-1
15539,DEBT,all,2011,-1,2.02.01,-1
17329,DEBT,all,2011,-1,2.01.04,-1
17329,DEBT,all,2011,-1,2.02.01,-1
20010,DEBT,all,2011,-1,2.01.04,-1
20010,DEBT,all,2011,-1,2.02.01,-1
2453,DEBT-NEG,all,2011,-1,1.01.01,-1
2453,DEBT-NEG,all,2011,-1,1.01.02,-1
18376,DEBT-NEG,all,2011,-1,1.01.01,-1
18376,DEBT-NEG,all,2011,-1,1.01.02,-1
18660,DEBT-NEG,all,2011,-1,1.01.01,-1
18660,DEBT-NEG,all,2011,-1,1.01.02,-1
20257,DEBT-NEG,all,2011,-1,1.01.01,-1
20257,DEBT-NEG,all,2011,-1,1.01.02,-1
20257,DEBT-NEG,itr,2013,2013,-1,Títulos e valores mobiliários
20257,DEBT-NEG,itr,2014,2014,1.01.08.03.01,-1
20257,DEBT-NEG,itr,2016,2017,1.01.08.03.01,-1
20257,DEBT-NEG,itr,2018,2018,-1,Títulos e valores mobiliários
20257,DEBT-NEG,itr,2019,2019,-1,Títulos e valores mobiliários
20257,DEBT-NEG,itr,2020,-1,1.01.08.03.01,-1
20257,DEBT-NEG,itr,2014,2017,1.02.01.09.03,-1
20257,DEBT-NEG,itr,2020,-1,1.02.01.10.03,-1
20257,DEBT-NEG,dfp,2013,-1,1.01.08.03.01,-1
20257,DEBT-NEG,dfp,2013,2017,1.02.01.09.03,-1
20257,DEBT-NEG,dfp,2018,-1,1.02.01.10.03,-1
14443,DEBT-NEG,all,2011,-1,1.01.01,-1
14443,DEBT-NEG,all,2011,-1,1.01.02,-1
18627,DEBT-NEG,all,2011,-1,1.01.01,-1
18627,DEBT-NEG,all,2011,-1,1.01.02,-1
19445,DEBT-NEG,all,2011,-1,1.01.01,-1
19445,DEBT-NEG,all,2011,-1,1.01.02,-1
19445,DEBT-NEG,itr,2014,2018,1.01.03.02.04,-1
19445,DEBT-NEG,dfp,2013,2017,1.01.03.02.04,-1
2437,DEBT-NEG,all,2011,-1,1.01.01,-1
2437,DEBT-NEG,all,2011,-1,1.01.02,-1
2437,DEBT-NEG,itr,2019,2019,-1,Títulos e valores mobiliários
2437,DEBT-NEG,itr,2020,-1,1.02.01.03.01,-1
2437,DEBT-NEG,dfp,2018,2018,-1,Títulos e valores mobiliários
2437,DEBT-NEG,dfp,2019,-1,1.02.01.03.01,-1
15539,DEBT-NEG,all,2011,-1,1.01.01,-1
15539,DEBT-NEG,all,2011,-1,1.01.02,-1
15539,DEBT-NEG,itr,2019,2020,-1,Títulos e valores mobiliários
17329,DEBT-NEG,all,2011,-1,1.01.01,-1
17329,DEBT-NEG,all,2011,-1,1.01.02,-1
17329,DEBT-NEG,itr,2024,-1,1.02.01.10.05,-1
17329,DEBT-NEG,dfp,2023,-1,1.02.01.10.05,-1
20010,DEBT-NEG,all,2011,-1,1.01.01,-1
20010,DEBT-NEG,all,2011,-1,1.01.02,-1
20010,DEBT-NEG,dfp,2012,2014,1.01.03.02.05,-1
18627,NET_REVENUE,all,2011,-1,3.01,-1
2437,NET_REVENUE,all,2011,-1,3.01,-1
18376,NET_REVENUE,all,2011,-1,3.01,-1
906,NET_REVENUE,all,2011,-1,3.01,-1
19348,NET_REVENUE,all,2011,-1,3.01,-1
2453,NET_REVENUE,all,2011,-1,3.01,-1
22616,NET_REVENUE,all,2011,-1,3.01,-1
922,NET_REVENUE,all,2011,-1,3.01,-1
20257,NET_REVENUE,all,2011,-1,3.01,-1
18660,NET_REVENUE,all,2011,-1,3.01,-1
20010,NET_REVENUE,all,2011,-1,3.01,-1
14443,NET_REVENUE,all,2011,-1,3.01,-1
17329,NET_REVENUE,all,2011,-1,3.01,-1
15539,NET_REVENUE,all,2011,-1,3.01,-1
20532,NET_REVENUE,all,2011,-1,3.01,-1
19445,NET_REVENUE,all,2011,-1,3.01,-1
1023,NET_REVENUE,all,2011,-1,3.01,-1
