CD_CVM,KPI,FILE_CATEGORY_SHORT,FILE_NAME,CD_CONTA,DS_CONTA
20257,PROFIT,-1,-1,3.11,-1
1023,PROFIT,dfp_2019,dfp_cia_aberta_DRE_ind_2019,3.13,-1
1023,PROFIT,itr_2019,itr_cia_aberta_DRE_ind_2019,3.13,-1
1023,PROFIT,itr_2020,itr_cia_aberta_DRE_ind_2020,3.13,-1
1023,PROFIT,-1,-1,3.11,-1
18376,PROFIT,-1,-1,3.11,-1
906,PROFIT,dfp_2019,dfp_cia_aberta_DRE_ind_2019,3.13,-1
906,PROFIT,itr_2019,itr_cia_aberta_DRE_ind_2019,3.13,-1
906,PROFIT,itr_2020,itr_cia_aberta_DRE_ind_2020,-1,Lucro ou Prejuízo Líquido do Período
906,PROFIT,itr_2020,itr_cia_aberta_DRE_ind_2020,-1,Lucro/Prejuízo do Período
906,PROFIT,-1,-1,3.11,-1
906,EQUITY,-1,-1,2.07,-1
906,EQUITY,dfp_2019,dfp_cia_aberta_BPP_ind_2019,2.05,-1
906,EQUITY,itr_2019,itr_cia_aberta_BPP_ind_2019,2.05,-1
906,EQUITY,itr_2020,itr_cia_aberta_BPP_ind_2020,2.05,-1
1023,EQUITY,-1,-1,2.07,-1
1023,EQUITY,dfp_2019,dfp_cia_aberta_BPP_ind_2019,2.05,-1
1023,EQUITY,itr_2019,itr_cia_aberta_BPP_ind_2019,2.05,-1
1023,EQUITY,itr_2020,itr_cia_aberta_BPP_ind_2020,2.05,-1
18376,EQUITY,-1,-1,2.03,-1
20257,EQUITY,-1,-1,2.03,-1
906,EBIT,-1,-1,3.05,-1
906,EBIT,dfp_2019,dfp_cia_aberta_DRE_ind_2019,3.07,-1
906,EBIT,itr_2019,itr_cia_aberta_DRE_ind_2019,3.07,-1
906,EBIT,itr_2020,itr_cia_aberta_DRE_ind_2020,-1,Resultado antes dos Tributos sobre o Lucro
906,EBIT,itr_2020,itr_cia_aberta_DRE_ind_2020,-1,Resultado Antes Tributação/Participações
1023,EBIT,-1,-1,3.05,-1
1023,EBIT,dfp_2019,dfp_cia_aberta_DRE_ind_2019,3.07,-1
1023,EBIT,itr_2019,itr_cia_aberta_DRE_ind_2019,3.07,-1
1023,EBIT,itr_2020,itr_cia_aberta_DRE_ind_2020,3.07,-1
18376,EBIT,-1,-1,3.05,-1
20257,EBIT,-1,-1,3.05,-1
18376,EBITDA-NEG,-1,-1,3.04.04,-1
18376,EBITDA-NEG,-1,-1,3.04.05,-1
20257,EBITDA-NEG,-1,-1,3.02.04,-1
20257,EBITDA-NEG,dfp_2020,dfp_cia_aberta_DRE_ind_2020,-1,Depreciação e Amortização
20257,EBITDA-NEG,dfp_2020,dfp_cia_aberta_DRE_ind_2019,-1,Depreciação e Amortização
20257,EBITDA-NEG,itr_2019,itr_cia_aberta_DRE_ind_2019,-1,Depreciação e Amortização
18376,DEBT,-1,-1,2.01.04,-1
18376,DEBT,-1,-1,2.02.01,-1
20257,DEBT,-1,-1,2.01.04,-1
20257,DEBT,-1,-1,2.02.01,-1
18376,DEBT-NEG,-1,-1,1.01.01,-1
18376,DEBT-NEG,-1,-1,1.01.02,-1
20257,DEBT-NEG,-1,-1,1.01.01,-1
20257,DEBT-NEG,-1,-1,1.01.02,-1
20257,DEBT-NEG,-1,-1,1.01.08.03.01,-1
20257,DEBT-NEG,-1,-1,1.02.01.10.03,-1
20257,DEBT-NEG,itr_2019,itr_cia_aberta_BPA_ind_2019,1.01.01,-1
20257,DEBT-NEG,itr_2019,itr_cia_aberta_BPA_ind_2019,1.01.02,-1
20257,DEBT-NEG,itr_2019,itr_cia_aberta_BPA_ind_2019,-1,Títulos e valores mobiliários
