CD_CVM,TICKER,DATE,VALUE,TYPE
906,BBDC4,2024-09-30,0.197527743,JRS CAP PROPRIO
906,BBDC4,2024-09-02,0.018974809,JRS CAP PROPRIO
906,BBDC4,2024-08-01,0.018974809,JRS CAP PROPRIO
906,BBDC4,2024-07-01,0.018974809,JRS CAP PROPRIO
906,BBDC4,2024-06-17,0.395055485,JRS CAP PROPRIO
906,BBDC4,2024-06-03,0.018974809,JRS CAP PROPRIO
906,BBDC4,2024-05-02,0.018974809,JRS CAP PROPRIO
906,BBDC4,2024-04-01,0.018974809,JRS CAP PROPRIO
906,BBDC4,2024-03-01,0.018974809,JRS CAP PROPRIO
906,BBDC4,2024-02-01,0.018974809,JRS CAP PROPRIO
906,BBDC4,2024-01-02,0.018974809,JRS CAP PROPRIO
906,BBDC4,2023-12-21,0.196896962,JRS CAP PROPRIO
906,BBDC4,2023-12-21,0.492045507,JRS CAP PROPRIO
906,BBDC4,2023-12-01,0.018974809,JRS CAP PROPRIO
906,BBDC4,2023-11-01,0.018974809,JRS CAP PROPRIO
906,BBDC4,2023-10-02,0.018974809,JRS CAP PROPRIO
906,BBDC4,2023-09-01,0.018974809,JRS CAP PROPRIO
906,BBDC4,2023-08-01,0.018974809,JRS CAP PROPRIO
906,BBDC4,2023-07-03,0.018974809,JRS CAP PROPRIO
906,BBDC4,2023-06-26,0.196896961,JRS CAP PROPRIO
906,BBDC4,2023-06-01,0.018974809,JRS CAP PROPRIO
906,BBDC4,2023-05-02,0.018974809,JRS CAP PROPRIO
906,BBDC4,2023-04-03,0.018974809,JRS CAP PROPRIO
906,BBDC4,2023-03-01,0.018974809,JRS CAP PROPRIO
906,BBDC4,2023-02-01,0.018974809,JRS CAP PROPRIO
906,BBDC4,2023-01-06,0.583405697,JRS CAP PROPRIO
906,BBDC4,2023-01-02,0.018974809,JRS CAP PROPRIO
906,BBDC4,2022-12-01,0.018974809,JRS CAP PROPRIO
906,BBDC4,2022-11-01,0.018974809,JRS CAP PROPRIO
906,BBDC4,2022-10-03,0.018974809,JRS CAP PROPRIO
906,BBDC4,2022-09-01,0.018974809,JRS CAP PROPRIO
906,BBDC4,2022-08-01,0.018974809,JRS CAP PROPRIO
906,BBDC4,2022-07-01,0.018974809,JRS CAP PROPRIO
906,BBDC4,2022-06-20,0.196595372,JRS CAP PROPRIO
906,BBDC4,2022-06-01,0.018974809,JRS CAP PROPRIO
906,BBDC4,2022-05-02,0.018974809,JRS CAP PROPRIO
906,BBDC4,2022-04-01,0.018974809,JRS CAP PROPRIO
906,BBDC4,2022-03-02,0.018974809,JRS CAP PROPRIO
906,BBDC4,2022-02-01,0.018974809,JRS CAP PROPRIO
906,BBDC4,2022-01-03,0.018974809,JRS CAP PROPRIO
906,BBDC4,2021-12-20,0.216254909,DIVIDENDO
906,BBDC4,2021-12-20,0.021625491,JRS CAP PROPRIO
906,BBDC4,2021-12-01,0.018974809,JRS CAP PROPRIO
906,BBDC4,2021-11-01,0.018974809,JRS CAP PROPRIO
906,BBDC4,2021-10-01,0.018974809,JRS CAP PROPRIO
906,BBDC4,2021-09-01,0.018974809,JRS CAP PROPRIO
906,BBDC4,2021-08-02,0.018974809,JRS CAP PROPRIO
906,BBDC4,2021-07-02,0.539008031,JRS CAP PROPRIO
906,BBDC4,2021-07-01,0.018974809,JRS CAP PROPRIO
906,BBDC4,2021-06-01,0.018974809,JRS CAP PROPRIO
906,BBDC4,2021-05-03,0.018974809,JRS CAP PROPRIO
906,BBDC4,2021-04-01,0.018974809,JRS CAP PROPRIO
906,BBDC4,2021-03-01,0.018974809,JRS CAP PROPRIO
906,BBDC4,2021-02-17,0.021821283,JRS CAP PROPRIO
906,BBDC4,2021-02-01,0.018974809,JRS CAP PROPRIO
906,BBDC4,2021-01-04,0.018974809,JRS CAP PROPRIO
906,BBDC4,2020-12-28,0.415273347,JRS CAP PROPRIO
906,BBDC4,2020-12-01,0.018974809,JRS CAP PROPRIO
906,BBDC4,2020-11-03,0.018974809,JRS CAP PROPRIO
906,BBDC4,2020-10-01,0.018974809,JRS CAP PROPRIO
906,BBDC4,2020-09-01,0.018974809,JRS CAP PROPRIO
906,BBDC4,2020-08-03,0.018974809,JRS CAP PROPRIO
906,BBDC4,2020-07-01,0.018974809,JRS CAP PROPRIO
906,BBDC4,2020-06-01,0.018974809,JRS CAP PROPRIO
906,BBDC4,2020-05-04,0.018974809,JRS CAP PROPRIO
906,BBDC4,2020-04-01,0.018974809,JRS CAP PROPRIO
906,BBDC4,2020-03-02,0.018974809,JRS CAP PROPRIO
906,BBDC4,2020-02-17,0.064035359,DIVIDENDO
906,BBDC4,2020-02-03,0.018974809,JRS CAP PROPRIO
906,BBDC4,2020-01-02,0.018974809,JRS CAP PROPRIO
906,BBDC4,2019-12-19,0.55371756,JRS CAP PROPRIO
906,BBDC4,2019-12-02,0.018974809,JRS CAP PROPRIO
906,BBDC4,2019-11-01,0.018974809,JRS CAP PROPRIO
906,BBDC4,2019-10-17,1.043519547,DIVIDENDO
906,BBDC4,2019-10-01,0.018974809,JRS CAP PROPRIO
906,BBDC4,2019-09-02,0.018974809,JRS CAP PROPRIO
906,BBDC4,2019-08-01,0.018974809,JRS CAP PROPRIO
906,BBDC4,2019-07-01,0.018974809,JRS CAP PROPRIO
906,BBDC4,2019-06-28,0.189790118,JRS CAP PROPRIO
906,BBDC4,2019-06-03,0.018974809,JRS CAP PROPRIO
906,BBDC4,2019-05-02,0.018974809,JRS CAP PROPRIO
906,BBDC4,2019-04-01,0.018974809,JRS CAP PROPRIO
906,BBDC4,2019-03-01,0.018974809,JRS CAP PROPRIO
906,BBDC4,2019-02-01,0.018974809,JRS CAP PROPRIO
906,BBDC4,2019-01-02,0.018974809,JRS CAP PROPRIO
906,BBDC4,2018-12-21,0.730202804,JRS CAP PROPRIO
906,BBDC4,2018-12-03,0.018974809,JRS CAP PROPRIO
906,BBDC4,2018-11-01,0.018974809,JRS CAP PROPRIO
906,BBDC4,2018-10-01,0.018974809,JRS CAP PROPRIO
906,BBDC4,2018-09-03,0.018974809,JRS CAP PROPRIO
906,BBDC4,2018-08-01,0.018974809,JRS CAP PROPRIO
906,BBDC4,2018-07-02,0.018974809,JRS CAP PROPRIO
906,BBDC4,2018-06-29,0.189711854,JRS CAP PROPRIO
906,BBDC4,2018-06-01,0.018974809,JRS CAP PROPRIO
906,BBDC4,2018-05-02,0.018974809,JRS CAP PROPRIO
906,BBDC4,2018-04-02,0.018974809,JRS CAP PROPRIO
906,BBDC4,2018-03-01,0.018974809,JRS CAP PROPRIO
906,BBDC4,2018-02-01,0.018974809,JRS CAP PROPRIO
906,BBDC4,2018-01-02,0.018974809,JRS CAP PROPRIO
906,BBDC4,2017-12-22,0.829911096,JRS CAP PROPRIO
906,BBDC4,2017-12-01,0.018974809,JRS CAP PROPRIO
906,BBDC4,2017-11-01,0.018974809,JRS CAP PROPRIO
906,BBDC4,2017-10-02,0.018974809,JRS CAP PROPRIO
906,BBDC4,2017-09-01,0.018974809,JRS CAP PROPRIO
906,BBDC4,2017-08-01,0.018974809,JRS CAP PROPRIO
906,BBDC4,2017-07-03,0.018974809,JRS CAP PROPRIO
906,BBDC4,2017-06-30,0.18974316,JRS CAP PROPRIO
906,BBDC4,2017-06-01,0.018974809,JRS CAP PROPRIO
906,BBDC4,2017-05-02,0.018974809,JRS CAP PROPRIO
906,BBDC4,2017-04-03,0.018974809,JRS CAP PROPRIO
906,BBDC4,2017-03-01,0.018974809,JRS CAP PROPRIO
906,BBDC4,2017-02-01,0.018974809,JRS CAP PROPRIO
906,BBDC4,2017-01-02,0.018974809,JRS CAP PROPRIO
906,BBDC4,2016-12-21,0.282393608,JRS CAP PROPRIO
906,BBDC4,2016-12-01,0.018974809,JRS CAP PROPRIO
906,BBDC4,2016-11-01,0.018974809,JRS CAP PROPRIO
906,BBDC4,2016-10-03,0.018974809,JRS CAP PROPRIO
906,BBDC4,2016-09-30,0.628235813,JRS CAP PROPRIO
906,BBDC4,2016-09-01,0.018974809,JRS CAP PROPRIO
906,BBDC4,2016-08-01,0.018974809,JRS CAP PROPRIO
906,BBDC4,2016-07-01,0.018974809,JRS CAP PROPRIO
906,BBDC4,2016-06-22,0.189777596,JRS CAP PROPRIO
906,BBDC4,2016-06-01,0.018974809,JRS CAP PROPRIO
906,BBDC4,2016-05-02,0.018974809,JRS CAP PROPRIO
906,BBDC4,2016-04-01,0.018974809,JRS CAP PROPRIO
906,BBDC4,2016-03-01,0.018974809,JRS CAP PROPRIO
906,BBDC4,2016-02-01,0.018974809,JRS CAP PROPRIO
906,BBDC4,2016-01-04,0.018974809,JRS CAP PROPRIO
906,BBDC4,2015-12-16,0.844477552,JRS CAP PROPRIO
906,BBDC4,2015-12-01,0.018974809,JRS CAP PROPRIO
906,BBDC4,2015-11-03,0.018974809,JRS CAP PROPRIO
906,BBDC4,2015-10-01,0.018974809,JRS CAP PROPRIO
906,BBDC4,2015-09-01,0.018974809,JRS CAP PROPRIO
906,BBDC4,2015-08-03,0.018974809,JRS CAP PROPRIO
906,BBDC4,2015-07-01,0.018974809,JRS CAP PROPRIO
906,BBDC4,2015-06-22,0.189892011,DIVIDENDO
906,BBDC4,2015-06-01,0.018974809,JRS CAP PROPRIO
906,BBDC4,2015-05-04,0.018974809,JRS CAP PROPRIO
906,BBDC4,2015-04-01,0.018974809,JRS CAP PROPRIO
906,BBDC4,2015-03-02,0.020699791,JRS CAP PROPRIO
906,BBDC4,2015-02-09,0.157469313,DIVIDENDO
906,BBDC4,2015-02-02,0.020699791,JRS CAP PROPRIO
906,BBDC4,2015-01-02,0.020699791,JRS CAP PROPRIO
906,BBDC4,2014-12-22,0.64935838,JRS CAP PROPRIO
906,BBDC4,2014-12-01,0.020699791,JRS CAP PROPRIO
906,BBDC4,2014-11-03,0.020699791,JRS CAP PROPRIO
906,BBDC4,2014-10-01,0.020699791,JRS CAP PROPRIO
906,BBDC4,2014-09-01,0.020699791,JRS CAP PROPRIO
906,BBDC4,2014-08-01,0.020699791,JRS CAP PROPRIO
906,BBDC4,2014-07-01,0.020699791,JRS CAP PROPRIO
906,BBDC4,2014-06-24,0.207021535,DIVIDENDO
906,BBDC4,2014-06-02,0.020699791,JRS CAP PROPRIO
906,BBDC4,2014-05-02,0.020699791,JRS CAP PROPRIO
906,BBDC4,2014-04-01,0.020699791,JRS CAP PROPRIO
906,BBDC4,2014-03-05,0.020699791,JRS CAP PROPRIO
906,BBDC4,2014-02-10,0.213209362,DIVIDENDO
906,BBDC4,2014-02-03,0.020699791,JRS CAP PROPRIO
906,BBDC4,2014-01-02,0.020699791,JRS CAP PROPRIO
906,BBDC4,2013-12-23,0.354834182,JRS CAP PROPRIO
906,BBDC4,2013-12-02,0.020699791,JRS CAP PROPRIO
906,BBDC4,2013-11-01,0.020699791,JRS CAP PROPRIO
1023,BBAS3,2024-09-11,0.18660197784,JRS CAP PROPRIO
1023,BBAS3,2024-08-21,0.15186078881,DIVIDENDO
1023,BBAS3,2024-08-21,0.3144814886,JRS CAP PROPRIO
1023,BBAS3,2024-08-21,0.00270692373,RENDIMENTO
1023,BBAS3,2024-08-21,0.00560564324,RENDIMENTO
1023,BBAS3,2024-06-13,0.2042404444,JRS CAP PROPRIO
1023,BBAS3,2024-06-11,0.16478568141,DIVIDENDO
1023,BBAS3,2024-06-11,0.29316146583,JRS CAP PROPRIO
1023,BBAS3,2024-03-11,0.205018366415,JRS CAP PROPRIO
1023,BBAS3,2024-02-21,0.110409313035,DIVIDENDO
1023,BBAS3,2024-02-21,0.30681812811,JRS CAP PROPRIO
1023,BBAS3,2024-02-21,0.001961354025,RENDIMENTO
1023,BBAS3,2024-02-21,0.00545043668,RENDIMENTO
1023,BBAS3,2023-12-11,0.171153235115,JRS CAP PROPRIO
1023,BBAS3,2023-11-21,0.0509943037,DIVIDENDO
1023,BBAS3,2023-11-21,0.343111012755,JRS CAP PROPRIO
1023,BBAS3,2023-09-11,0.167098607185,JRS CAP PROPRIO
1023,BBAS3,2023-08-21,0.07186082346,DIVIDENDO
1023,BBAS3,2023-08-21,0.327327570985,JRS CAP PROPRIO
1023,BBAS3,2023-08-21,0.001561792895,RENDIMENTO
1023,BBAS3,2023-08-21,0.00711399969,RENDIMENTO
1023,BBAS3,2023-06-12,0.169315669745,JRS CAP PROPRIO
1023,BBAS3,2023-06-01,0.061503961995,DIVIDENDO
1023,BBAS3,2023-06-01,0.327209959145,JRS CAP PROPRIO
1023,BBAS3,2023-03-13,0.17601848623,JRS CAP PROPRIO
1023,BBAS3,2023-02-23,0.11774569565,DIVIDENDO
1023,BBAS3,2023-02-23,0.286765904135,JRS CAP PROPRIO
1023,BBAS3,2023-02-23,0.00259904627,RENDIMENTO
1023,BBAS3,2023-02-23,0.006329894685,RENDIMENTO
1023,BBAS3,2022-12-12,0.17276258368,JRS CAP PROPRIO
1023,BBAS3,2022-11-21,0.085103045185,DIVIDENDO
1023,BBAS3,2022-11-21,0.317238825465,JRS CAP PROPRIO
1023,BBAS3,2022-09-12,0.1368677562,JRS CAP PROPRIO
1023,BBAS3,2022-08-22,0.100094499095,DIVIDENDO
1023,BBAS3,2022-08-22,0.28533923344,JRS CAP PROPRIO
1023,BBAS3,2022-08-22,0.00221660856,RENDIMENTO
1023,BBAS3,2022-08-22,0.006318882585,RENDIMENTO
1023,BBAS3,2022-06-13,0.125142512055,JRS CAP PROPRIO
1023,BBAS3,2022-05-23,0.07767352743,DIVIDENDO
1023,BBAS3,2022-05-23,0.258862033005,JRS CAP PROPRIO
1023,BBAS3,2022-03-14,0.10531438425,JRS CAP PROPRIO
1023,BBAS3,2022-03-02,0.177911299905,DIVIDENDO
1023,BBAS3,2022-03-02,0.22710279458,JRS CAP PROPRIO
1023,BBAS3,2022-03-02,0.003227177385,RENDIMENTO
1023,BBAS3,2022-03-02,0.004119474165,RENDIMENTO
1023,BBAS3,2021-12-13,0.0874956379,JRS CAP PROPRIO
1023,BBAS3,2021-11-22,0.19685157435,JRS CAP PROPRIO
1023,BBAS3,2021-09-13,0.092369824125,JRS CAP PROPRIO
1023,BBAS3,2021-08-23,0.172794436355,JRS CAP PROPRIO
1023,BBAS3,2021-08-23,0.00134998851,RENDIMENTO
1023,BBAS3,2021-06-11,0.08425951042,JRS CAP PROPRIO
1023,BBAS3,2021-05-21,0.037167353545,DIVIDENDO
1023,BBAS3,2021-05-21,0.17005568997,JRS CAP PROPRIO
1023,BBAS3,2021-03-11,0.0728571301,JRS CAP PROPRIO
1023,BBAS3,2021-02-22,0.21726548617,JRS CAP PROPRIO
1023,BBAS3,2021-02-22,0.00066632476,RENDIMENTO
1023,BBAS3,2020-12-11,0.05849235001,JRS CAP PROPRIO
1023,BBAS3,2020-11-16,0.097386870135,JRS CAP PROPRIO
1023,BBAS3,2020-09-11,0.051431409355,JRS CAP PROPRIO
1023,BBAS3,2020-08-21,0.220309910115,JRS CAP PROPRIO
1023,BBAS3,2020-08-21,0.000783252685,RENDIMENTO
1023,BBAS3,2020-03-11,0.09071026372,JRS CAP PROPRIO
1023,BBAS3,2020-02-21,0.217834845995,JRS CAP PROPRIO
1023,BBAS3,2020-02-21,0.001606367055,RENDIMENTO
1023,BBAS3,2019-12-11,0.088087001445,JRS CAP PROPRIO
1023,BBAS3,2019-11-21,0.18252107073,JRS CAP PROPRIO
1023,BBAS3,2019-09-11,0.116477887395,JRS CAP PROPRIO
1023,BBAS3,2019-08-21,0.22070657562,JRS CAP PROPRIO
1023,BBAS3,2019-08-21,0.002370947095,RENDIMENTO
1023,BBAS3,2019-06-11,0.085527244205,JRS CAP PROPRIO
1023,BBAS3,2019-05-21,0.207419362875,JRS CAP PROPRIO
1023,BBAS3,2019-03-11,0.078062262335,JRS CAP PROPRIO
1023,BBAS3,2019-02-21,0.29268412831,JRS CAP PROPRIO
1023,BBAS3,2019-02-21,0.003260273075,RENDIMENTO
1023,BBAS3,2018-12-11,0.062835332975,JRS CAP PROPRIO
1023,BBAS3,2018-11-21,0.20844680493,JRS CAP PROPRIO
1023,BBAS3,2018-09-11,0.042745893755,JRS CAP PROPRIO
1023,BBAS3,2018-08-21,0.13334565397,JRS CAP PROPRIO
1023,BBAS3,2018-08-21,0.001485366655,RENDIMENTO
1023,BBAS3,2018-06-11,0.038601657865,JRS CAP PROPRIO
1023,BBAS3,2018-05-21,0.10697743072,JRS CAP PROPRIO
1023,BBAS3,2018-03-12,0.040855048505,JRS CAP PROPRIO
1023,BBAS3,2018-03-01,0.121306747865,JRS CAP PROPRIO
1023,BBAS3,2018-03-01,0.001528730975,RENDIMENTO
1023,BBAS3,2017-12-11,0.04129860855,JRS CAP PROPRIO
1023,BBAS3,2017-11-21,0.11161831221,JRS CAP PROPRIO
1023,BBAS3,2017-09-11,0.03814616394,JRS CAP PROPRIO
1023,BBAS3,2017-08-21,0.10053277377,JRS CAP PROPRIO
1023,BBAS3,2017-08-21,0.00161887116,RENDIMENTO
1023,BBAS3,2017-06-12,0.039286746915,JRS CAP PROPRIO
1023,BBAS3,2017-05-22,0.091469589845,JRS CAP PROPRIO
1023,BBAS3,2017-03-13,0.036057723735,JRS CAP PROPRIO
1023,BBAS3,2017-03-01,0.012657710785,JRS CAP PROPRIO
1023,BBAS3,2017-03-01,0.000295915845,RENDIMENTO
1023,BBAS3,2016-12-12,0.03846579667,JRS CAP PROPRIO
1023,BBAS3,2016-11-21,0.05493534111,JRS CAP PROPRIO
1023,BBAS3,2016-09-12,0.063326035965,JRS CAP PROPRIO
1023,BBAS3,2016-08-22,0.06838410772,JRS CAP PROPRIO
1023,BBAS3,2016-08-22,0.001598589265,RENDIMENTO
1023,BBAS3,2016-06-13,0.068877560605,JRS CAP PROPRIO
1023,BBAS3,2016-05-23,0.066841385375,JRS CAP PROPRIO
1023,BBAS3,2016-03-11,0.049142494485,JRS CAP PROPRIO
1023,BBAS3,2016-03-02,0.04415670931,JRS CAP PROPRIO
1023,BBAS3,2016-03-02,0.001127262255,RENDIMENTO
1023,BBAS3,2015-12-11,0.137245436555,JRS CAP PROPRIO
1023,BBAS3,2015-11-23,0.085402384325,JRS CAP PROPRIO
1023,BBAS3,2015-09-11,0.13303901304,JRS CAP PROPRIO
1023,BBAS3,2015-08-21,0.006988169115,DIVIDENDO
1023,BBAS3,2015-08-21,0.000164374715,RENDIMENTO
1023,BBAS3,2015-08-21,0.062164286475,JRS CAP PROPRIO
1023,BBAS3,2015-08-21,0.001462219475,RENDIMENTO
1023,BBAS3,2015-06-11,0.14494674797,JRS CAP PROPRIO
1023,BBAS3,2015-05-21,0.22556878275,DIVIDENDO
1023,BBAS3,2015-03-23,0.188496223925,JRS CAP PROPRIO
1023,BBAS3,2015-02-19,0.04493246944,DIVIDENDO
1023,BBAS3,2015-02-19,0.000792326625,RENDIMENTO
1023,BBAS3,2014-12-11,0.16997424493,JRS CAP PROPRIO
1023,BBAS3,2014-11-14,0.02785881675,DIVIDENDO
1023,BBAS3,2014-09-11,0.16826088437,JRS CAP PROPRIO
1023,BBAS3,2014-08-19,0.038684880095,DIVIDENDO
1023,BBAS3,2014-08-19,0.00070519642,RENDIMENTO
1023,BBAS3,2014-06-11,0.160520443685,JRS CAP PROPRIO
1023,BBAS3,2014-05-19,0.0406087088,DIVIDENDO
1023,BBAS3,2014-03-11,0.15733791346,JRS CAP PROPRIO
1023,BBAS3,2014-02-13,0.065111594445,DIVIDENDO
1023,BBAS3,2014-02-13,0.00096563243,RENDIMENTO
1023,BBAS3,2013-12-11,0.15482922924,JRS CAP PROPRIO
1023,BBAS3,2013-11-21,0.033307368575,DIVIDENDO
2453,CMIG4,2024-09-23,0.08260111039,JRS CAP PROPRIO
2453,CMIG4,2024-09-23,0.08260111039,JRS CAP PROPRIO
2453,CMIG4,2024-08-23,0.4963597647,DIVIDENDO
2453,CMIG4,2024-06-21,0.07510604422,JRS CAP PROPRIO
2453,CMIG4,2024-06-21,0.07510604422,JRS CAP PROPRIO
2453,CMIG4,2024-04-29,0.12113430098,DIVIDENDO
2453,CMIG4,2024-04-29,0.12113430098,DIVIDENDO
2453,CMIG4,2024-03-26,0.08778293443,JRS CAP PROPRIO
2453,CMIG4,2024-03-26,0.08778293443,JRS CAP PROPRIO
2453,CMIG4,2023-12-21,0.30051039777,JRS CAP PROPRIO
2453,CMIG4,2023-12-21,0.30051039777,JRS CAP PROPRIO
2453,CMIG4,2023-09-25,0.09497144782,JRS CAP PROPRIO
2453,CMIG4,2023-09-25,0.09497144782,JRS CAP PROPRIO
2453,CMIG4,2023-06-23,0.09695370248,JRS CAP PROPRIO
2453,CMIG4,2023-06-23,0.09695370248,JRS CAP PROPRIO
2453,CMIG4,2023-04-27,0.05653493004,DIVIDENDO
2453,CMIG4,2023-04-27,0.05653493004,DIVIDENDO
2453,CMIG4,2023-03-27,0.09639201822,JRS CAP PROPRIO
2453,CMIG4,2023-03-27,0.09639201822,JRS CAP PROPRIO
2453,CMIG4,2022-12-27,0.11713434556,JRS CAP PROPRIO
2453,CMIG4,2022-12-27,0.11713434556,JRS CAP PROPRIO
2453,CMIG4,2022-12-21,0.09057090609,JRS CAP PROPRIO
2453,CMIG4,2022-12-21,0.09057090609,JRS CAP PROPRIO
2453,CMIG4,2022-09-23,0.10714013747,JRS CAP PROPRIO
2453,CMIG4,2022-09-23,0.10714013747,JRS CAP PROPRIO
2453,CMIG4,2022-06-24,0.0802081495,JRS CAP PROPRIO
2453,CMIG4,2022-06-24,0.0802081495,JRS CAP PROPRIO
2453,CMIG4,2022-04-29,0.29870896368,DIVIDENDO
2453,CMIG4,2022-04-29,0.29870896368,DIVIDENDO
2453,CMIG4,2022-03-28,0.14473821881,JRS CAP PROPRIO
2453,CMIG4,2021-12-21,0.28217513295,JRS CAP PROPRIO
2453,CMIG4,2021-12-21,0.28217513295,JRS CAP PROPRIO
2453,CMIG4,2021-04-30,0.30584806747,DIVIDENDO
2453,CMIG4,2021-04-30,0.30584806747,DIVIDENDO
2453,CMIG4,2020-12-30,0.14276673121,JRS CAP PROPRIO
2453,CMIG4,2020-12-30,0.14276673121,JRS CAP PROPRIO
2453,CMIG4,2020-09-25,0.03952129643,JRS CAP PROPRIO
2453,CMIG4,2020-09-25,0.03952129643,JRS CAP PROPRIO
2453,CMIG4,2020-07-31,0.2497483385,DIVIDENDO
2453,CMIG4,2019-12-23,0.13715616054,JRS CAP PROPRIO
2453,CMIG4,2019-12-23,0.13715616054,JRS CAP PROPRIO
2453,CMIG4,2019-05-03,0.450798011,DIVIDENDO
2453,CMIG4,2018-12-21,0.0720069845,JRS CAP PROPRIO
2453,CMIG4,2018-12-21,0.0720069845,JRS CAP PROPRIO
2453,CMIG4,2018-04-30,0.500288822,DIVIDENDO
2453,CMIG4,2017-05-12,0.1217797795,DIVIDENDO
2453,CMIG4,2017-05-12,0.1217797795,DIVIDENDO
2453,CMIG4,2016-12-26,0.150999665,JRS CAP PROPRIO
2453,CMIG4,2016-12-26,0.150999665,JRS CAP PROPRIO
2453,CMIG4,2016-04-29,0.344889593,DIVIDENDO
2453,CMIG4,2015-12-30,0.079473508,JRS CAP PROPRIO
2453,CMIG4,2015-12-30,0.079473508,JRS CAP PROPRIO
2453,CMIG4,2015-04-30,0.450866721,DIVIDENDO
2453,CMIG4,2014-12-26,0.091394534,JRS CAP PROPRIO
2453,CMIG4,2014-12-26,0.091394534,JRS CAP PROPRIO
2453,CMIG4,2014-11-07,0.874208588,DIVIDENDO
2453,CMIG4,2014-06-27,0.874208588,DIVIDENDO
2453,CMIG4,2014-06-27,0.480019988,DIVIDENDO
2453,CMIG4,2014-04-30,0.446026387,DIVIDENDO
2453,CMIG4,2014-04-30,0.446026387,DIVIDENDO
2453,CMIG4,2013-12-05,0.554058049,JRS CAP PROPRIO
18660,CPFE3,2024-04-26,2.753976596,DIVIDENDO
18660,CPFE3,2023-08-17,0.78335809,DIVIDENDO
18660,CPFE3,2023-04-28,0.867863872,DIVIDENDO
18660,CPFE3,2023-04-28,1.234365592,DIVIDENDO
18660,CPFE3,2022-04-29,1.621140258,DIVIDENDO
18660,CPFE3,2022-04-29,1.621140258,DIVIDENDO
18660,CPFE3,2021-12-09,0.697762553,DIVIDENDO
18660,CPFE3,2021-08-31,1.501834847,DIVIDENDO
18660,CPFE3,2021-04-30,1.501834847,DIVIDENDO
18660,CPFE3,2020-07-27,1.800973412,DIVIDENDO
18660,CPFE3,2019-04-30,0.480182232,DIVIDENDO
18660,CPFE3,2018-04-27,0.275259517,DIVIDENDO
18660,CPFE3,2017-01-12,0.217876793,DIVIDENDO
18660,CPFE3,2016-04-29,0.206868475,DIVIDENDO
18660,CPFE3,2014-09-04,0.43874673,DIVIDENDO
18660,CPFE3,2014-04-29,0.5900622,DIVIDENDO
18376,TRPL4,2023-12-13,0.24283600002,JRS CAP PROPRIO
18376,TRPL4,2023-12-13,1.96124699998,JRS CAP PROPRIO
18376,TRPL4,2022-12-26,1.062404,JRS CAP PROPRIO
18376,TRPL4,2021-12-22,0.173896,JRS CAP PROPRIO
18376,TRPL4,2021-11-03,0.529386,DIVIDENDO
18376,TRPL4,2021-11-03,0.780915,JRS CAP PROPRIO
18376,TRPL4,2021-07-06,0.502542,DIVIDENDO
18376,TRPL4,2021-03-30,0.795967,DIVIDENDO
18376,TRPL4,2021-02-25,0.806156,DIVIDENDO
18376,TRPL4,2020-12-16,0.176055,DIVIDENDO
18376,TRPL4,2020-12-16,0.661494,JRS CAP PROPRIO
18376,TRPL4,2020-11-04,0.522095,DIVIDENDO
18376,TRPL4,2020-07-06,0.151772,DIVIDENDO
18376,TRPL4,2020-04-16,0.228164,JRS CAP PROPRIO
18376,TRPL4,2019-12-13,0.163679,JRS CAP PROPRIO
18376,TRPL4,2019-11-08,0.445535,DIVIDENDO
18376,TRPL4,2019-11-08,0.339126,JRS CAP PROPRIO
18376,TRPL4,2019-08-02,0.562186,JRS CAP PROPRIO
18376,TRPL4,2018-12-06,0.9607165,DIVIDENDO
18376,TRPL4,2018-12-06,0.89849,JRS CAP PROPRIO
18376,TRPL4,2018-06-05,1.153932,DIVIDENDO
18376,TRPL4,2018-04-17,0.128541,DIVIDENDO
18376,TRPL4,2017-11-17,0.55457475,DIVIDENDO
18376,TRPL4,2017-06-01,0.20489225,DIVIDENDO
18376,TRPL4,2016-12-02,0.2086865,DIVIDENDO
18376,TRPL4,2016-06-21,0.16694925,DIVIDENDO
18376,TRPL4,2015-11-25,0.3474215,DIVIDENDO
18376,TRPL4,2015-05-26,0.17171875,DIVIDENDO
18376,TRPL4,2015-05-06,0.04810425,DIVIDENDO
18376,TRPL4,2014-11-24,0.255799,DIVIDENDO
18376,TRPL4,2014-08-12,0.0491285,JRS CAP PROPRIO
18376,TRPL4,2014-04-01,0.0491285,DIVIDENDO
18376,TRPL4,2013-12-23,0.327522,JRS CAP PROPRIO
19348,ITUB4,2024-09-30,0.01765,JRS CAP PROPRIO
19348,ITUB4,2024-09-19,0.27298,JRS CAP PROPRIO
19348,ITUB4,2024-08-30,0.01765,JRS CAP PROPRIO
19348,ITUB4,2024-07-31,0.01765,JRS CAP PROPRIO
19348,ITUB4,2024-06-28,0.01765,JRS CAP PROPRIO
19348,ITUB4,2024-06-20,0.251,JRS CAP PROPRIO
19348,ITUB4,2024-05-31,0.01765,JRS CAP PROPRIO
19348,ITUB4,2024-04-30,0.01765,JRS CAP PROPRIO
19348,ITUB4,2024-03-28,0.01765,JRS CAP PROPRIO
19348,ITUB4,2024-03-21,0.2418,JRS CAP PROPRIO
19348,ITUB4,2024-02-29,0.01765,JRS CAP PROPRIO
19348,ITUB4,2024-02-21,1.125125,DIVIDENDO
19348,ITUB4,2024-01-31,0.01765,JRS CAP PROPRIO
19348,ITUB4,2023-12-28,0.01765,JRS CAP PROPRIO
19348,ITUB4,2023-12-06,0.24724,JRS CAP PROPRIO
19348,ITUB4,2023-11-30,0.01765,JRS CAP PROPRIO
19348,ITUB4,2023-10-31,0.01765,JRS CAP PROPRIO
19348,ITUB4,2023-09-29,0.01765,JRS CAP PROPRIO
19348,ITUB4,2023-09-18,0.2693,JRS CAP PROPRIO
19348,ITUB4,2023-08-31,0.01765,JRS CAP PROPRIO
19348,ITUB4,2023-07-31,0.01765,JRS CAP PROPRIO
19348,ITUB4,2023-06-30,0.01765,JRS CAP PROPRIO
19348,ITUB4,2023-06-19,0.2663,JRS CAP PROPRIO
19348,ITUB4,2023-05-31,0.01765,JRS CAP PROPRIO
19348,ITUB4,2023-04-28,0.01765,JRS CAP PROPRIO
19348,ITUB4,2023-03-31,0.01765,JRS CAP PROPRIO
19348,ITUB4,2023-03-23,0.262,JRS CAP PROPRIO
19348,ITUB4,2023-02-28,0.01765,JRS CAP PROPRIO
19348,ITUB4,2023-01-31,0.01765,JRS CAP PROPRIO
19348,ITUB4,2022-12-29,0.01765,JRS CAP PROPRIO
19348,ITUB4,2022-12-08,0.48618,JRS CAP PROPRIO
19348,ITUB4,2022-11-30,0.01765,JRS CAP PROPRIO
19348,ITUB4,2022-10-31,0.01765,JRS CAP PROPRIO
19348,ITUB4,2022-09-30,0.01765,JRS CAP PROPRIO
19348,ITUB4,2022-08-31,0.01765,JRS CAP PROPRIO
19348,ITUB4,2022-08-18,0.3065,JRS CAP PROPRIO
19348,ITUB4,2022-07-29,0.01765,JRS CAP PROPRIO
19348,ITUB4,2022-06-30,0.01765,JRS CAP PROPRIO
19348,ITUB4,2022-05-31,0.01765,JRS CAP PROPRIO
19348,ITUB4,2022-04-29,0.01765,JRS CAP PROPRIO
19348,ITUB4,2022-03-31,0.01765,JRS CAP PROPRIO
19348,ITUB4,2022-02-25,0.01765,JRS CAP PROPRIO
19348,ITUB4,2022-02-21,0.01366,JRS CAP PROPRIO
19348,ITUB4,2022-01-31,0.01765,JRS CAP PROPRIO
19348,ITUB4,2021-12-30,0.01765,JRS CAP PROPRIO
19348,ITUB4,2021-11-30,0.01765,JRS CAP PROPRIO
19348,ITUB4,2021-11-19,0.264551,JRS CAP PROPRIO
19348,ITUB4,2021-10-29,0.01765,JRS CAP PROPRIO
19348,ITUB4,2021-09-30,0.015,DIVIDENDO
19348,ITUB4,2021-08-31,0.015,DIVIDENDO
19348,ITUB4,2021-08-13,0.10384,JRS CAP PROPRIO
19348,ITUB4,2021-07-30,0.015,DIVIDENDO
19348,ITUB4,2021-06-30,0.015,DIVIDENDO
19348,ITUB4,2021-05-31,0.015,DIVIDENDO
19348,ITUB4,2021-05-24,0.04874,JRS CAP PROPRIO
19348,ITUB4,2021-04-30,0.015,DIVIDENDO
19348,ITUB4,2021-04-27,0.05648,JRS CAP PROPRIO
19348,ITUB4,2021-03-31,0.015,DIVIDENDO
19348,ITUB4,2021-03-25,0.05064,JRS CAP PROPRIO
19348,ITUB4,2021-02-26,0.015,DIVIDENDO
19348,ITUB4,2021-02-25,0.096407,DIVIDENDO
19348,ITUB4,2021-02-25,0.05058,JRS CAP PROPRIO
19348,ITUB4,2021-01-29,0.015,DIVIDENDO
19348,ITUB4,2021-01-22,0.05016,JRS CAP PROPRIO
19348,ITUB4,2020-12-30,0.015,DIVIDENDO
19348,ITUB4,2020-12-10,0.06396,JRS CAP PROPRIO
19348,ITUB4,2020-11-30,0.015,DIVIDENDO
19348,ITUB4,2020-10-30,0.015,DIVIDENDO
19348,ITUB4,2020-09-30,0.015,DIVIDENDO
19348,ITUB4,2020-08-31,0.015,DIVIDENDO
19348,ITUB4,2020-08-17,0.0529,JRS CAP PROPRIO
19348,ITUB4,2020-07-31,0.015,DIVIDENDO
19348,ITUB4,2020-06-30,0.015,DIVIDENDO
19348,ITUB4,2020-05-29,0.015,DIVIDENDO
19348,ITUB4,2020-04-30,0.015,DIVIDENDO
19348,ITUB4,2020-03-31,0.015,DIVIDENDO
19348,ITUB4,2020-02-28,0.015,DIVIDENDO
19348,ITUB4,2020-02-20,0.4832,DIVIDENDO
19348,ITUB4,2020-02-20,0.5235,JRS CAP PROPRIO
19348,ITUB4,2020-01-31,0.015,DIVIDENDO
19348,ITUB4,2019-12-30,0.015,DIVIDENDO
19348,ITUB4,2019-12-12,0.03756,JRS CAP PROPRIO
19348,ITUB4,2019-11-29,0.015,DIVIDENDO
19348,ITUB4,2019-10-31,0.015,DIVIDENDO
19348,ITUB4,2019-09-30,0.015,DIVIDENDO
19348,ITUB4,2019-08-30,0.015,DIVIDENDO
19348,ITUB4,2019-08-15,0.7869,DIVIDENDO
19348,ITUB4,2019-07-31,0.015,DIVIDENDO
19348,ITUB4,2019-06-28,0.015,DIVIDENDO
19348,ITUB4,2019-05-31,0.015,DIVIDENDO
19348,ITUB4,2019-04-30,0.015,DIVIDENDO
19348,ITUB4,2019-03-29,0.015,DIVIDENDO
19348,ITUB4,2019-02-28,0.015,DIVIDENDO
19348,ITUB4,2019-02-21,1.0507,DIVIDENDO
19348,ITUB4,2019-02-21,0.7494,JRS CAP PROPRIO
19348,ITUB4,2019-01-31,0.015,DIVIDENDO
19348,ITUB4,2018-12-28,0.015,DIVIDENDO
19348,ITUB4,2018-12-17,0.0106,JRS CAP PROPRIO
19348,ITUB4,2018-11-30,0.015,DIVIDENDO
19348,ITUB4,2018-10-31,0.01,DIVIDENDO
19348,ITUB4,2018-09-28,0.01,DIVIDENDO
19348,ITUB4,2018-08-31,0.01,DIVIDENDO
19348,ITUB4,2018-08-17,0.416,DIVIDENDO
19348,ITUB4,2018-08-17,0.08346666666666668,JRS CAP PROPRIO
19348,ITUB4,2018-07-31,0.01,DIVIDENDO
19348,ITUB4,2018-06-29,0.01,DIVIDENDO
19348,ITUB4,2018-05-30,0.01,DIVIDENDO
19348,ITUB4,2018-04-30,0.01,DIVIDENDO
19348,ITUB4,2018-03-29,0.01,DIVIDENDO
19348,ITUB4,2018-02-28,0.01,DIVIDENDO
19348,ITUB4,2018-02-15,0.08693333333333332,DIVIDENDO
19348,ITUB4,2018-02-15,0.6425333333333333,DIVIDENDO
19348,ITUB4,2018-02-15,0.7658666666666667,JRS CAP PROPRIO
19348,ITUB4,2018-01-31,0.01,DIVIDENDO
19348,ITUB4,2017-12-28,0.01,DIVIDENDO
19348,ITUB4,2017-12-14,0.09633333333333333,JRS CAP PROPRIO
19348,ITUB4,2017-11-30,0.01,DIVIDENDO
19348,ITUB4,2017-10-31,0.01,DIVIDENDO
19348,ITUB4,2017-09-29,0.01,DIVIDENDO
19348,ITUB4,2017-08-31,0.01,DIVIDENDO
19348,ITUB4,2017-08-14,0.266,JRS CAP PROPRIO
19348,ITUB4,2017-07-31,0.01,DIVIDENDO
19348,ITUB4,2017-06-30,0.01,DIVIDENDO
19348,ITUB4,2017-05-31,0.01,DIVIDENDO
19348,ITUB4,2017-04-28,0.01,DIVIDENDO
19348,ITUB4,2017-03-31,0.01,DIVIDENDO
19348,ITUB4,2017-02-24,0.01,DIVIDENDO
19348,ITUB4,2017-02-20,0.5169333333333334,JRS CAP PROPRIO
19348,ITUB4,2017-01-31,0.01,DIVIDENDO
19348,ITUB4,2016-12-29,0.01,DIVIDENDO
19348,ITUB4,2016-12-22,0.31426666666666664,JRS CAP PROPRIO
19348,ITUB4,2016-11-30,0.01,DIVIDENDO
19348,ITUB4,2016-10-31,0.01,DIVIDENDO
19348,ITUB4,2016-09-30,0.01,DIVIDENDO
19348,ITUB4,2016-08-31,0.01,DIVIDENDO
19348,ITUB4,2016-08-12,0.266,JRS CAP PROPRIO
19348,ITUB4,2016-07-29,0.01,DIVIDENDO
19348,ITUB4,2016-06-30,0.01,DIVIDENDO
19348,ITUB4,2016-05-31,0.01,DIVIDENDO
19348,ITUB4,2016-04-29,0.01,DIVIDENDO
19348,ITUB4,2016-03-31,0.01,DIVIDENDO
19348,ITUB4,2016-02-29,0.01,DIVIDENDO
19348,ITUB4,2016-02-18,0.132,DIVIDENDO
19348,ITUB4,2016-02-18,0.30426666666666663,JRS CAP PROPRIO
19348,ITUB4,2016-01-29,0.01,DIVIDENDO
19348,ITUB4,2015-12-30,0.01,DIVIDENDO
19348,ITUB4,2015-12-09,0.13933333333333334,JRS CAP PROPRIO
19348,ITUB4,2015-11-30,0.01,DIVIDENDO
19348,ITUB4,2015-10-30,0.01,DIVIDENDO
19348,ITUB4,2015-09-30,0.01,DIVIDENDO
19348,ITUB4,2015-08-31,0.01,DIVIDENDO
19348,ITUB4,2015-08-12,0.23066666666666666,JRS CAP PROPRIO
19348,ITUB4,2015-07-31,0.01,DIVIDENDO
19348,ITUB4,2015-06-30,0.01,DIVIDENDO
19348,ITUB4,2015-05-29,0.01,DIVIDENDO
19348,ITUB4,2015-04-30,0.01,DIVIDENDO
19348,ITUB4,2015-03-31,0.01,DIVIDENDO
19348,ITUB4,2015-02-27,0.01,DIVIDENDO
19348,ITUB4,2015-02-10,0.20420000000000002,DIVIDENDO
19348,ITUB4,2015-02-10,0.3586666666666667,JRS CAP PROPRIO
19348,ITUB4,2015-01-30,0.01,DIVIDENDO
19348,ITUB4,2014-12-30,0.01,DIVIDENDO
19348,ITUB4,2014-11-28,0.01,DIVIDENDO
19348,ITUB4,2014-10-31,0.01,DIVIDENDO
19348,ITUB4,2014-09-30,0.01,DIVIDENDO
19348,ITUB4,2014-08-29,0.01,DIVIDENDO
19348,ITUB4,2014-08-13,0.21704,JRS CAP PROPRIO
19348,ITUB4,2014-07-31,0.01,DIVIDENDO
19348,ITUB4,2014-06-30,0.01,DIVIDENDO
19348,ITUB4,2014-05-30,0.01,DIVIDENDO
19348,ITUB4,2014-04-30,0.01,DIVIDENDO
19348,ITUB4,2014-03-31,0.01,DIVIDENDO
19348,ITUB4,2014-02-28,0.01,DIVIDENDO
19348,ITUB4,2014-02-18,0.34906666666666664,JRS CAP PROPRIO
19348,ITUB4,2014-01-31,0.01,DIVIDENDO
19348,ITUB4,2013-12-30,0.01,DIVIDENDO
19348,ITUB4,2013-12-20,0.13573333333333334,JRS CAP PROPRIO
19348,ITUB4,2013-11-29,0.01,DIVIDENDO
19348,ITUB4,2013-10-31,0.01,DIVIDENDO
20257,TAEE4,2024-08-15,0.10167650317,DIVIDENDO
20257,TAEE4,2024-08-15,0.11436485216,JRS CAP PROPRIO
20257,TAEE4,2024-05-13,0.14019703331,JRS CAP PROPRIO
20257,TAEE4,2024-05-03,0.37763391628,DIVIDENDO
20257,TAEE4,2024-01-03,0.22061336,DIVIDENDO
20257,TAEE4,2023-11-13,0.00394344952,DIVIDENDO
20257,TAEE4,2023-11-13,0.19398273707,JRS CAP PROPRIO
20257,TAEE4,2023-08-07,0.09404221738,DIVIDENDO
20257,TAEE4,2023-08-07,0.20923914973,JRS CAP PROPRIO
20257,TAEE4,2023-05-03,0.02520387479,DIVIDENDO
20257,TAEE4,2023-01-10,0.4450909139,DIVIDENDO
20257,TAEE4,2022-11-14,0.2001155374,JRS CAP PROPRIO
20257,TAEE4,2022-11-14,0.1097241454,DIVIDENDO
20257,TAEE4,2022-11-14,0.0436957205,DIVIDENDO
20257,TAEE4,2022-08-15,0.29879070195,DIVIDENDO
20257,TAEE4,2022-08-15,0.19151888841,JRS CAP PROPRIO
20257,TAEE4,2022-05-09,0.14224637098,DIVIDENDO
20257,TAEE4,2022-05-09,0.63210804548,DIVIDENDO
20257,TAEE4,2021-12-06,0.31058119269,DIVIDENDO
20257,TAEE4,2021-12-06,0.19546782457,JRS CAP PROPRIO
20257,TAEE4,2021-05-18,0.38855745153,DIVIDENDO
20257,TAEE4,2021-05-18,0.06289709507,JRS CAP PROPRIO
20257,TAEE4,2021-05-04,0.54373071298,DIVIDENDO
20257,TAEE4,2020-12-15,0.0524606005,JRS CAP PROPRIO
20257,TAEE4,2020-11-16,0.39745865966,DIVIDENDO
20257,TAEE4,2020-11-16,0.05652210279,JRS CAP PROPRIO
20257,TAEE4,2020-08-17,0.21339431382,DIVIDENDO
20257,TAEE4,2020-08-17,0.05685961985,JRS CAP PROPRIO
20257,TAEE4,2020-05-19,0.17459346518,DIVIDENDO
20257,TAEE4,2020-05-19,0.05929047221,JRS CAP PROPRIO
20257,TAEE4,2020-05-06,0.05976064924,DIVIDENDO
20257,TAEE4,2019-12-16,0.060138821,JRS CAP PROPRIO
20257,TAEE4,2019-11-19,0.11722944853,DIVIDENDO
20257,TAEE4,2019-11-19,0.0632674288,JRS CAP PROPRIO
20257,TAEE4,2019-08-08,0.17418779284,DIVIDENDO
20257,TAEE4,2019-08-08,0.06648124497,JRS CAP PROPRIO
20257,TAEE4,2019-05-17,0.01826082109,DIVIDENDO
20257,TAEE4,2019-05-17,0.07535134234,JRS CAP PROPRIO
20257,TAEE4,2019-05-03,0.05531699619,DIVIDENDO
20257,TAEE4,2018-12-17,0.13309187623,JRS CAP PROPRIO
20257,TAEE4,2018-11-09,0.23719027583,DIVIDENDO
20257,TAEE4,2018-08-09,0.08884848967,DIVIDENDO
20257,TAEE4,2018-08-09,0.07017442021,JRS CAP PROPRIO
20257,TAEE4,2018-05-14,0.18198578763,DIVIDENDO
20257,TAEE4,2018-05-14,0.06363142581,JRS CAP PROPRIO
20257,TAEE4,2018-05-02,0.15416153509,DIVIDENDO
20257,TAEE4,2017-12-18,0.09009747333,JRS CAP PROPRIO
20257,TAEE4,2017-11-16,0.04301808947,DIVIDENDO
20257,TAEE4,2017-11-16,0.04642804712,JRS CAP PROPRIO
20257,TAEE4,2017-08-16,0.00065332,DIVIDENDO
20257,TAEE4,2017-08-16,0.06696865,JRS CAP PROPRIO
20257,TAEE4,2017-05-22,0.09679863,DIVIDENDO
20257,TAEE4,2017-05-22,0.0755852,JRS CAP PROPRIO
20257,TAEE4,2017-05-04,0.169054874,DIVIDENDO
20257,TAEE4,2016-11-23,0.0403898207,DIVIDENDO
20257,TAEE4,2016-11-23,0.1422852726,JRS CAP PROPRIO
20257,TAEE4,2016-08-17,0.1683872073,DIVIDENDO
20257,TAEE4,2016-08-17,0.0237142207,JRS CAP PROPRIO
20257,TAEE4,2016-05-24,0.0901399372,DIVIDENDO
20257,TAEE4,2016-05-24,0.1242327332,JRS CAP PROPRIO
20257,TAEE4,2016-04-18,0.3122005636,DIVIDENDO
20257,TAEE4,2015-12-18,0.1066685164,DIVIDENDO
20257,TAEE4,2015-12-18,0.0792941788,JRS CAP PROPRIO
20257,TAEE4,2015-09-17,0.1425683439,DIVIDENDO
20257,TAEE4,2015-09-17,0.1574246234,JRS CAP PROPRIO
20257,TAEE4,2015-04-22,0.24650016605,DIVIDENDO
20257,TAEE4,2014-12-04,0.19061502179,JRS CAP PROPRIO
20257,TAEE4,2014-09-26,0.38703557725,DIVIDENDO
20257,TAEE4,2014-04-30,0.40025885,DIVIDENDO
20257,TAEE4,2013-12-12,0.20319368,DIVIDENDO
20257,TAEE4,2013-12-12,0.1838419,JRS CAP PROPRIO
