CD_CVM,FILE_CATEGORY
906,dfp_con_2019
906,dfp_con_2020
906,dfp_con_2021
906,dfp_con_2022
906,dfp_con_2023
906,itr_ind_2019
906,itr_ind_2020
906,itr_ind_2021
906,itr_con_2022
906,itr_con_2023
906,itr_con_2024
1023,dfp_con_2019
1023,dfp_con_2020
1023,dfp_con_2021
1023,dfp_con_2022
1023,dfp_con_2023
1023,itr_ind_2019
1023,itr_ind_2020
1023,itr_ind_2021
1023,itr_con_2022
1023,itr_con_2023
1023,itr_con_2024
18376,dfp_con_2019
18376,dfp_con_2020
18376,dfp_con_2021
18376,dfp_con_2022
18376,dfp_con_2023
18376,itr_con_2019
18376,itr_con_2020
18376,itr_con_2021
18376,itr_con_2022
18376,itr_con_2023
18376,itr_con_2024
20257,dfp_con_2019
20257,dfp_con_2020
20257,dfp_con_2021
20257,dfp_con_2022
20257,dfp_con_2023
20257,itr_con_2019
20257,itr_con_2020
20257,itr_con_2021
20257,itr_con_2022
20257,itr_con_2023
20257,itr_con_2024
