CD_CVM,FILE_CATEGORY
906,dfp_con_2011
906,dfp_con_2012
906,dfp_con_2013
906,dfp_con_2014
906,dfp_con_2015
906,dfp_con_2016
906,dfp_con_2017
906,dfp_con_2018
906,dfp_con_2019
906,dfp_con_2020
906,dfp_con_2021
906,dfp_con_2022
906,dfp_con_2023
906,itr_con_2022
906,itr_con_2023
906,itr_con_2024
906,itr_ind_2011
906,itr_ind_2012
906,itr_ind_2013
906,itr_ind_2014
906,itr_ind_2015
906,itr_ind_2016
906,itr_ind_2017
906,itr_ind_2018
906,itr_ind_2019
906,itr_ind_2020
906,itr_ind_2021
1023,dfp_con_2011
1023,dfp_con_2012
1023,dfp_con_2013
1023,dfp_con_2014
1023,dfp_con_2015
1023,dfp_con_2016
1023,dfp_con_2017
1023,dfp_con_2018
1023,dfp_con_2019
1023,dfp_con_2020
1023,dfp_con_2021
1023,dfp_con_2022
1023,dfp_con_2023
1023,itr_con_2022
1023,itr_con_2023
1023,itr_con_2024
1023,itr_ind_2011
1023,itr_ind_2012
1023,itr_ind_2013
1023,itr_ind_2014
1023,itr_ind_2015
1023,itr_ind_2016
1023,itr_ind_2017
1023,itr_ind_2018
1023,itr_ind_2019
1023,itr_ind_2020
1023,itr_ind_2021
18376,dfp_con_2011
18376,dfp_con_2012
18376,dfp_con_2013
18376,dfp_con_2014
18376,dfp_con_2015
18376,dfp_con_2016
18376,dfp_con_2017
18376,dfp_con_2018
18376,dfp_con_2019
18376,dfp_con_2020
18376,dfp_con_2021
18376,dfp_con_2022
18376,dfp_con_2023
18376,itr_con_2011
18376,itr_con_2012
18376,itr_con_2013
18376,itr_con_2014
18376,itr_con_2015
18376,itr_con_2016
18376,itr_con_2017
18376,itr_con_2018
18376,itr_con_2019
18376,itr_con_2020
18376,itr_con_2021
18376,itr_con_2022
18376,itr_con_2023
18376,itr_con_2024
19348,dfp_con_2011
19348,dfp_con_2012
19348,dfp_con_2013
19348,dfp_con_2014
19348,dfp_con_2015
19348,dfp_con_2016
19348,dfp_con_2017
19348,dfp_con_2018
19348,dfp_con_2019
19348,dfp_con_2020
19348,dfp_con_2021
19348,dfp_con_2022
19348,dfp_con_2023
19348,itr_con_2011
19348,itr_con_2012
19348,itr_con_2013
19348,itr_con_2014
19348,itr_con_2015
19348,itr_con_2016
19348,itr_con_2017
19348,itr_con_2018
19348,itr_con_2019
19348,itr_con_2020
19348,itr_con_2021
19348,itr_con_2022
19348,itr_con_2023
19348,itr_con_2024
20257,dfp_con_2011
20257,dfp_con_2012
20257,dfp_con_2013
20257,dfp_con_2014
20257,dfp_con_2015
20257,dfp_con_2016
20257,dfp_con_2017
20257,dfp_con_2018
20257,dfp_con_2019
20257,dfp_con_2020
20257,dfp_con_2021
20257,dfp_con_2022
20257,dfp_con_2023
20257,itr_con_2011
20257,itr_con_2012
20257,itr_con_2013
20257,itr_con_2014
20257,itr_con_2015
20257,itr_con_2016
20257,itr_con_2017
20257,itr_con_2018
20257,itr_con_2019
20257,itr_con_2020
20257,itr_con_2021
20257,itr_con_2022
20257,itr_con_2023
20257,itr_con_2024
