CD_CVM,FILE_PREFIX,FILE_YEAR,FILE_SUFIX
906,dfp,2019,con
906,dfp,2020,con
906,dfp,2021,con
906,dfp,2022,con
906,dfp,2023,con
906,itr,2019,ind
906,itr,2020,ind
906,itr,2021,ind
906,itr,2022,con
906,itr,2023,con
906,itr,2024,con
1023,dfp,2019,con
1023,dfp,2020,con
1023,dfp,2021,con
1023,dfp,2022,con
1023,dfp,2023,con
1023,itr,2019,ind
1023,itr,2020,ind
1023,itr,2021,ind
1023,itr,2022,con
1023,itr,2023,con
1023,itr,2024,con
18376,dfp,2019,con
18376,dfp,2020,con
18376,dfp,2021,con
18376,dfp,2022,con
18376,dfp,2023,con
18376,itr,2019,con
18376,itr,2020,con
18376,itr,2021,con
18376,itr,2022,con
18376,itr,2023,con
18376,itr,2024,con
20257,dfp,2019,con
20257,dfp,2020,con
20257,dfp,2021,con
20257,dfp,2022,con
20257,dfp,2023,con
20257,itr,2019,con
20257,itr,2020,con
20257,itr,2021,con
20257,itr,2022,con
20257,itr,2023,con
20257,itr,2024,con
