CD_CVM,DENOM_SOCIAL,CNPJ_CIA,SETOR_ATIV,CONTROLE_ACIONARIO,TICKERS,NUM_ORDINARIAS,NUM_PREFERENCIAIS,NUM_TOTAL
906,BANCO BRADESCO S.A.,60.746.948/0001-12,Bancos,PRIVADO,BBDC3;BBDC4,5330304681,5311865547,10642170228
1023,BANCO DO BRASIL S.A.,00.000.000/0001-91,Bancos,ESTATAL,BBAS11;BBAS12;BBAS3,5730834040,0,5730834040
18376,CTEEP CIA TRANSM ENERGIA ELÉTR. PAULISTA,02.998.611/0001-04,Energia Elétrica,PRIVADO HOLDING,TRPL3;TRPL4,257937732,400945572,658883304
20257,TRANSMISSORA ALIANÇA DE ENERGIA ELÉTRICA S.A.,07.859.971/0001-30,Emp. Adm. Part. - Energia Elétrica,PRIVADO,TAEE11;TAEE3;TAEE4,590714069,442782652,1033496721
