CD_CVM,FILE_CATEGORY
906,dfp_con_2011
906,dfp_con_2012
906,dfp_con_2013
906,dfp_con_2014
906,dfp_con_2015
906,dfp_con_2016
906,dfp_con_2017
906,dfp_con_2018
906,dfp_con_2019
906,dfp_con_2020
906,dfp_con_2021
906,dfp_con_2022
906,dfp_con_2023
906,itr_con_2022
906,itr_con_2023
906,itr_con_2024
906,itr_ind_2011
906,itr_ind_2012
906,itr_ind_2013
906,itr_ind_2014
906,itr_ind_2015
906,itr_ind_2016
906,itr_ind_2017
906,itr_ind_2018
906,itr_ind_2019
906,itr_ind_2020
906,itr_ind_2021
1023,dfp_con_2011
1023,dfp_con_2012
1023,dfp_con_2013
1023,dfp_con_2014
1023,dfp_con_2015
1023,dfp_con_2016
1023,dfp_con_2017
1023,dfp_con_2018
1023,dfp_con_2019
1023,dfp_con_2020
1023,dfp_con_2021
1023,dfp_con_2022
1023,dfp_con_2023
1023,itr_con_2022
1023,itr_con_2023
1023,itr_con_2024
1023,itr_ind_2011
1023,itr_ind_2012
1023,itr_ind_2013
1023,itr_ind_2014
1023,itr_ind_2015
1023,itr_ind_2016
1023,itr_ind_2017
1023,itr_ind_2018
1023,itr_ind_2019
1023,itr_ind_2020
1023,itr_ind_2021
2453,dfp_con_2011
2453,dfp_con_2012
2453,dfp_con_2013
2453,dfp_con_2014
2453,dfp_con_2015
2453,dfp_con_2016
2453,dfp_con_2017
2453,dfp_con_2018
2453,dfp_con_2019
2453,dfp_con_2020
2453,dfp_con_2021
2453,dfp_con_2022
2453,dfp_con_2023
2453,itr_con_2011
2453,itr_con_2012
2453,itr_con_2013
2453,itr_con_2014
2453,itr_con_2015
2453,itr_con_2016
2453,itr_con_2017
2453,itr_con_2018
2453,itr_con_2019
2453,itr_con_2020
2453,itr_con_2021
2453,itr_con_2022
2453,itr_con_2023
2453,itr_con_2024
14443,dfp_con_2011
14443,dfp_con_2012
14443,dfp_con_2023
14443,dfp_ind_2013
14443,dfp_ind_2014
14443,dfp_ind_2015
14443,dfp_ind_2016
14443,dfp_ind_2017
14443,dfp_ind_2018
14443,dfp_ind_2019
14443,dfp_ind_2020
14443,dfp_ind_2021
14443,dfp_ind_2022
14443,itr_con_2011
14443,itr_con_2012
14443,itr_con_2023
14443,itr_con_2024
14443,itr_ind_2013
14443,itr_ind_2014
14443,itr_ind_2015
14443,itr_ind_2016
14443,itr_ind_2017
14443,itr_ind_2018
14443,itr_ind_2019
14443,itr_ind_2020
14443,itr_ind_2021
14443,itr_ind_2022
18376,dfp_con_2011
18376,dfp_con_2012
18376,dfp_con_2013
18376,dfp_con_2014
18376,dfp_con_2015
18376,dfp_con_2016
18376,dfp_con_2017
18376,dfp_con_2018
18376,dfp_con_2019
18376,dfp_con_2020
18376,dfp_con_2021
18376,dfp_con_2022
18376,dfp_con_2023
18376,itr_con_2011
18376,itr_con_2012
18376,itr_con_2013
18376,itr_con_2014
18376,itr_con_2015
18376,itr_con_2016
18376,itr_con_2017
18376,itr_con_2018
18376,itr_con_2019
18376,itr_con_2020
18376,itr_con_2021
18376,itr_con_2022
18376,itr_con_2023
18376,itr_con_2024
18627,dfp_ind_2011
18627,dfp_ind_2012
18627,dfp_ind_2013
18627,dfp_ind_2014
18627,dfp_ind_2015
18627,dfp_ind_2016
18627,dfp_ind_2017
18627,dfp_ind_2018
18627,dfp_ind_2019
18627,dfp_ind_2020
18627,dfp_ind_2021
18627,dfp_ind_2022
18627,dfp_ind_2023
18627,itr_ind_2011
18627,itr_ind_2012
18627,itr_ind_2013
18627,itr_ind_2014
18627,itr_ind_2015
18627,itr_ind_2016
18627,itr_ind_2017
18627,itr_ind_2018
18627,itr_ind_2019
18627,itr_ind_2020
18627,itr_ind_2021
18627,itr_ind_2022
18627,itr_ind_2023
18627,itr_ind_2024
18660,dfp_con_2011
18660,dfp_con_2012
18660,dfp_con_2013
18660,dfp_con_2014
18660,dfp_con_2015
18660,dfp_con_2016
18660,dfp_con_2017
18660,dfp_con_2018
18660,dfp_con_2019
18660,dfp_con_2020
18660,dfp_con_2021
18660,dfp_con_2022
18660,dfp_con_2023
18660,itr_con_2011
18660,itr_con_2012
18660,itr_con_2013
18660,itr_con_2014
18660,itr_con_2015
18660,itr_con_2016
18660,itr_con_2017
18660,itr_con_2018
18660,itr_con_2019
18660,itr_con_2020
18660,itr_con_2021
18660,itr_con_2022
18660,itr_con_2023
18660,itr_con_2024
19348,dfp_con_2011
19348,dfp_con_2012
19348,dfp_con_2013
19348,dfp_con_2014
19348,dfp_con_2015
19348,dfp_con_2016
19348,dfp_con_2017
19348,dfp_con_2018
19348,dfp_con_2019
19348,dfp_con_2020
19348,dfp_con_2021
19348,dfp_con_2022
19348,dfp_con_2023
19348,itr_con_2011
19348,itr_con_2013
19348,itr_con_2014
19348,itr_con_2015
19348,itr_con_2016
19348,itr_con_2017
19348,itr_con_2018
19348,itr_con_2019
19348,itr_con_2020
19348,itr_con_2021
19348,itr_con_2022
19348,itr_con_2023
19348,itr_con_2024
19348,itr_ind_2012
19445,dfp_con_2011
19445,dfp_con_2012
19445,dfp_con_2013
19445,dfp_con_2014
19445,dfp_con_2015
19445,dfp_con_2016
19445,dfp_con_2017
19445,dfp_con_2018
19445,dfp_con_2019
19445,dfp_con_2020
19445,dfp_con_2021
19445,dfp_con_2022
19445,dfp_con_2023
19445,itr_con_2011
19445,itr_con_2012
19445,itr_con_2013
19445,itr_con_2014
19445,itr_con_2015
19445,itr_con_2016
19445,itr_con_2017
19445,itr_con_2018
19445,itr_con_2019
19445,itr_con_2020
19445,itr_con_2021
19445,itr_con_2022
19445,itr_con_2023
19445,itr_con_2024
20257,dfp_con_2011
20257,dfp_con_2012
20257,dfp_con_2013
20257,dfp_con_2014
20257,dfp_con_2015
20257,dfp_con_2016
20257,dfp_con_2017
20257,dfp_con_2018
20257,dfp_con_2019
20257,dfp_con_2020
20257,dfp_con_2021
20257,dfp_con_2022
20257,dfp_con_2023
20257,itr_con_2011
20257,itr_con_2012
20257,itr_con_2013
20257,itr_con_2014
20257,itr_con_2015
20257,itr_con_2016
20257,itr_con_2017
20257,itr_con_2018
20257,itr_con_2019
20257,itr_con_2020
20257,itr_con_2021
20257,itr_con_2022
20257,itr_con_2023
20257,itr_con_2024
