CD_CVM,TICKER,DATE,VALUE,TYPE
906,BBDC4,2024-09-30,0.197527743,JRS CAP PROPRIO
906,BBDC4,2024-09-02,0.018974809,JRS CAP PROPRIO
906,BBDC4,2024-08-01,0.018974809,JRS CAP PROPRIO
906,BBDC4,2024-07-01,0.018974809,JRS CAP PROPRIO
906,BBDC4,2024-06-17,0.395055485,JRS CAP PROPRIO
906,BBDC4,2024-06-03,0.018974809,JRS CAP PROPRIO
906,BBDC4,2024-05-02,0.018974809,JRS CAP PROPRIO
906,BBDC4,2024-04-01,0.018974809,JRS CAP PROPRIO
906,BBDC4,2024-03-01,0.018974809,JRS CAP PROPRIO
906,BBDC4,2024-02-01,0.018974809,JRS CAP PROPRIO
906,BBDC4,2024-01-02,0.018974809,JRS CAP PROPRIO
906,BBDC4,2023-12-21,0.196896962,JRS CAP PROPRIO
906,BBDC4,2023-12-21,0.492045507,JRS CAP PROPRIO
906,BBDC4,2023-12-01,0.018974809,JRS CAP PROPRIO
906,BBDC4,2023-11-01,0.018974809,JRS CAP PROPRIO
906,BBDC4,2023-10-02,0.018974809,JRS CAP PROPRIO
906,BBDC4,2023-09-01,0.018974809,JRS CAP PROPRIO
906,BBDC4,2023-08-01,0.018974809,JRS CAP PROPRIO
906,BBDC4,2023-07-03,0.018974809,JRS CAP PROPRIO
906,BBDC4,2023-06-26,0.196896961,JRS CAP PROPRIO
906,BBDC4,2023-06-01,0.018974809,JRS CAP PROPRIO
906,BBDC4,2023-05-02,0.018974809,JRS CAP PROPRIO
906,BBDC4,2023-04-03,0.018974809,JRS CAP PROPRIO
906,BBDC4,2023-03-01,0.018974809,JRS CAP PROPRIO
906,BBDC4,2023-02-01,0.018974809,JRS CAP PROPRIO
906,BBDC4,2023-01-06,0.583405697,JRS CAP PROPRIO
906,BBDC4,2023-01-02,0.018974809,JRS CAP PROPRIO
906,BBDC4,2022-12-01,0.018974809,JRS CAP PROPRIO
906,BBDC4,2022-11-01,0.018974809,JRS CAP PROPRIO
906,BBDC4,2022-10-03,0.018974809,JRS CAP PROPRIO
906,BBDC4,2022-09-01,0.018974809,JRS CAP PROPRIO
906,BBDC4,2022-08-01,0.018974809,JRS CAP PROPRIO
906,BBDC4,2022-07-01,0.018974809,JRS CAP PROPRIO
906,BBDC4,2022-06-20,0.196595372,JRS CAP PROPRIO
906,BBDC4,2022-06-01,0.018974809,JRS CAP PROPRIO
906,BBDC4,2022-05-02,0.018974809,JRS CAP PROPRIO
906,BBDC4,2022-04-01,0.018974809,JRS CAP PROPRIO
906,BBDC4,2022-03-02,0.018974809,JRS CAP PROPRIO
906,BBDC4,2022-02-01,0.018974809,JRS CAP PROPRIO
906,BBDC4,2022-01-03,0.018974809,JRS CAP PROPRIO
906,BBDC4,2021-12-20,0.216254909,DIVIDENDO
906,BBDC4,2021-12-20,0.021625491,JRS CAP PROPRIO
906,BBDC4,2021-12-01,0.018974809,JRS CAP PROPRIO
906,BBDC4,2021-11-01,0.018974809,JRS CAP PROPRIO
906,BBDC4,2021-10-01,0.018974809,JRS CAP PROPRIO
906,BBDC4,2021-09-01,0.018974809,JRS CAP PROPRIO
906,BBDC4,2021-08-02,0.018974809,JRS CAP PROPRIO
906,BBDC4,2021-07-02,0.539008031,JRS CAP PROPRIO
906,BBDC4,2021-07-01,0.018974809,JRS CAP PROPRIO
906,BBDC4,2021-06-01,0.018974809,JRS CAP PROPRIO
906,BBDC4,2021-05-03,0.018974809,JRS CAP PROPRIO
906,BBDC4,2021-04-01,0.018974809,JRS CAP PROPRIO
906,BBDC4,2021-03-01,0.018974809,JRS CAP PROPRIO
906,BBDC4,2021-02-17,0.021821283,JRS CAP PROPRIO
906,BBDC4,2021-02-01,0.018974809,JRS CAP PROPRIO
906,BBDC4,2021-01-04,0.018974809,JRS CAP PROPRIO
906,BBDC4,2020-12-28,0.415273347,JRS CAP PROPRIO
906,BBDC4,2020-12-01,0.018974809,JRS CAP PROPRIO
906,BBDC4,2020-11-03,0.018974809,JRS CAP PROPRIO
906,BBDC4,2020-10-01,0.018974809,JRS CAP PROPRIO
906,BBDC4,2020-09-01,0.018974809,JRS CAP PROPRIO
906,BBDC4,2020-08-03,0.018974809,JRS CAP PROPRIO
906,BBDC4,2020-07-01,0.018974809,JRS CAP PROPRIO
906,BBDC4,2020-06-01,0.018974809,JRS CAP PROPRIO
906,BBDC4,2020-05-04,0.018974809,JRS CAP PROPRIO
906,BBDC4,2020-04-01,0.018974809,JRS CAP PROPRIO
906,BBDC4,2020-03-02,0.018974809,JRS CAP PROPRIO
906,BBDC4,2020-02-17,0.064035359,DIVIDENDO
906,BBDC4,2020-02-03,0.018974809,JRS CAP PROPRIO
906,BBDC4,2020-01-02,0.018974809,JRS CAP PROPRIO
906,BBDC4,2019-12-19,0.55371756,JRS CAP PROPRIO
906,BBDC4,2019-12-02,0.018974809,JRS CAP PROPRIO
906,BBDC4,2019-11-01,0.018974809,JRS CAP PROPRIO
906,BBDC4,2019-10-17,1.043519547,DIVIDENDO
906,BBDC4,2019-10-01,0.018974809,JRS CAP PROPRIO
906,BBDC4,2019-09-02,0.018974809,JRS CAP PROPRIO
906,BBDC4,2019-08-01,0.018974809,JRS CAP PROPRIO
906,BBDC4,2019-07-01,0.018974809,JRS CAP PROPRIO
906,BBDC4,2019-06-28,0.189790118,JRS CAP PROPRIO
906,BBDC4,2019-06-03,0.018974809,JRS CAP PROPRIO
906,BBDC4,2019-05-02,0.018974809,JRS CAP PROPRIO
906,BBDC4,2019-04-01,0.018974809,JRS CAP PROPRIO
906,BBDC4,2019-03-01,0.018974809,JRS CAP PROPRIO
906,BBDC4,2019-02-01,0.018974809,JRS CAP PROPRIO
906,BBDC4,2019-01-02,0.018974809,JRS CAP PROPRIO
906,BBDC4,2018-12-21,0.730202804,JRS CAP PROPRIO
906,BBDC4,2018-12-03,0.018974809,JRS CAP PROPRIO
906,BBDC4,2018-11-01,0.018974809,JRS CAP PROPRIO
906,BBDC4,2018-10-01,0.018974809,JRS CAP PROPRIO
906,BBDC4,2018-09-03,0.018974809,JRS CAP PROPRIO
906,BBDC4,2018-08-01,0.018974809,JRS CAP PROPRIO
906,BBDC4,2018-07-02,0.018974809,JRS CAP PROPRIO
906,BBDC4,2018-06-29,0.189711854,JRS CAP PROPRIO
906,BBDC4,2018-06-01,0.018974809,JRS CAP PROPRIO
906,BBDC4,2018-05-02,0.018974809,JRS CAP PROPRIO
906,BBDC4,2018-04-02,0.018974809,JRS CAP PROPRIO
906,BBDC4,2018-03-01,0.018974809,JRS CAP PROPRIO
906,BBDC4,2018-02-01,0.018974809,JRS CAP PROPRIO
906,BBDC4,2018-01-02,0.018974809,JRS CAP PROPRIO
906,BBDC4,2017-12-22,0.829911096,JRS CAP PROPRIO
906,BBDC4,2017-12-01,0.018974809,JRS CAP PROPRIO
906,BBDC4,2017-11-01,0.018974809,JRS CAP PROPRIO
906,BBDC4,2017-10-02,0.018974809,JRS CAP PROPRIO
906,BBDC4,2017-09-01,0.018974809,JRS CAP PROPRIO
906,BBDC4,2017-08-01,0.018974809,JRS CAP PROPRIO
906,BBDC4,2017-07-03,0.018974809,JRS CAP PROPRIO
906,BBDC4,2017-06-30,0.18974316,JRS CAP PROPRIO
906,BBDC4,2017-06-01,0.018974809,JRS CAP PROPRIO
906,BBDC4,2017-05-02,0.018974809,JRS CAP PROPRIO
906,BBDC4,2017-04-03,0.018974809,JRS CAP PROPRIO
906,BBDC4,2017-03-01,0.018974809,JRS CAP PROPRIO
906,BBDC4,2017-02-01,0.018974809,JRS CAP PROPRIO
906,BBDC4,2017-01-02,0.018974809,JRS CAP PROPRIO
906,BBDC4,2016-12-21,0.282393608,JRS CAP PROPRIO
906,BBDC4,2016-12-01,0.018974809,JRS CAP PROPRIO
906,BBDC4,2016-11-01,0.018974809,JRS CAP PROPRIO
906,BBDC4,2016-10-03,0.018974809,JRS CAP PROPRIO
906,BBDC4,2016-09-30,0.628235813,JRS CAP PROPRIO
906,BBDC4,2016-09-01,0.018974809,JRS CAP PROPRIO
906,BBDC4,2016-08-01,0.018974809,JRS CAP PROPRIO
906,BBDC4,2016-07-01,0.018974809,JRS CAP PROPRIO
906,BBDC4,2016-06-22,0.189777596,JRS CAP PROPRIO
906,BBDC4,2016-06-01,0.018974809,JRS CAP PROPRIO
906,BBDC4,2016-05-02,0.018974809,JRS CAP PROPRIO
906,BBDC4,2016-04-01,0.018974809,JRS CAP PROPRIO
906,BBDC4,2016-03-01,0.018974809,JRS CAP PROPRIO
906,BBDC4,2016-02-01,0.018974809,JRS CAP PROPRIO
906,BBDC4,2016-01-04,0.018974809,JRS CAP PROPRIO
906,BBDC4,2015-12-16,0.844477552,JRS CAP PROPRIO
906,BBDC4,2015-12-01,0.018974809,JRS CAP PROPRIO
906,BBDC4,2015-11-03,0.018974809,JRS CAP PROPRIO
906,BBDC4,2015-10-01,0.018974809,JRS CAP PROPRIO
906,BBDC4,2015-09-01,0.018974809,JRS CAP PROPRIO
906,BBDC4,2015-08-03,0.018974809,JRS CAP PROPRIO
906,BBDC4,2015-07-01,0.018974809,JRS CAP PROPRIO
906,BBDC4,2015-06-22,0.189892011,DIVIDENDO
906,BBDC4,2015-06-01,0.018974809,JRS CAP PROPRIO
906,BBDC4,2015-05-04,0.018974809,JRS CAP PROPRIO
906,BBDC4,2015-04-01,0.018974809,JRS CAP PROPRIO
906,BBDC4,2015-03-02,0.020699791,JRS CAP PROPRIO
906,BBDC4,2015-02-09,0.157469313,DIVIDENDO
906,BBDC4,2015-02-02,0.020699791,JRS CAP PROPRIO
906,BBDC4,2015-01-02,0.020699791,JRS CAP PROPRIO
906,BBDC4,2014-12-22,0.64935838,JRS CAP PROPRIO
906,BBDC4,2014-12-01,0.020699791,JRS CAP PROPRIO
906,BBDC4,2014-11-03,0.020699791,JRS CAP PROPRIO
906,BBDC4,2014-10-01,0.020699791,JRS CAP PROPRIO
906,BBDC4,2014-09-01,0.020699791,JRS CAP PROPRIO
906,BBDC4,2014-08-01,0.020699791,JRS CAP PROPRIO
906,BBDC4,2014-07-01,0.020699791,JRS CAP PROPRIO
906,BBDC4,2014-06-24,0.207021535,DIVIDENDO
906,BBDC4,2014-06-02,0.020699791,JRS CAP PROPRIO
906,BBDC4,2014-05-02,0.020699791,JRS CAP PROPRIO
906,BBDC4,2014-04-01,0.020699791,JRS CAP PROPRIO
906,BBDC4,2014-03-05,0.020699791,JRS CAP PROPRIO
906,BBDC4,2014-02-10,0.213209362,DIVIDENDO
906,BBDC4,2014-02-03,0.020699791,JRS CAP PROPRIO
906,BBDC4,2014-01-02,0.020699791,JRS CAP PROPRIO
906,BBDC4,2013-12-23,0.354834182,JRS CAP PROPRIO
906,BBDC4,2013-12-02,0.020699791,JRS CAP PROPRIO
922,BAZA3,2024-04-26,6.386094302,JRS CAP PROPRIO
922,BAZA3,2024-04-26,0.239067242,RENDIMENTO
922,BAZA3,2023-04-24,1.126154399,DIVIDENDO
922,BAZA3,2023-04-24,4.203687647,JRS CAP PROPRIO
922,BAZA3,2023-04-24,0.048474168,RENDIMENTO
922,BAZA3,2023-04-24,0.180943449,RENDIMENTO
922,BAZA3,2022-04-29,0.1750876,RENDIMENTO
922,BAZA3,2022-04-29,4.789455099,JRS CAP PROPRIO
922,BAZA3,2022-04-29,1.83820496,DIVIDENDO
922,BAZA3,2022-04-29,0.067199063,RENDIMENTO
922,BAZA3,2021-04-22,2.579759991,JRS CAP PROPRIO
922,BAZA3,2021-04-22,0.018654036,RENDIMENTO
922,BAZA3,2020-04-06,3.542758296,JRS CAP PROPRIO
922,BAZA3,2020-04-06,0.042073545,RENDIMENTO
922,BAZA3,2019-04-26,1.409071048,JRS CAP PROPRIO
922,BAZA3,2019-04-26,0.030857667,RENDIMENTO
922,BAZA3,2018-04-23,0.628314709,JRS CAP PROPRIO
922,BAZA3,2018-04-23,0.013787462,RENDIMENTO
922,BAZA3,2017-04-06,0.610768255,JRS CAP PROPRIO
922,BAZA3,2017-04-06,0.022234833,RENDIMENTO
922,BAZA3,2016-08-15,0.6842410999999999,JRS CAP PROPRIO
922,BAZA3,2016-04-08,2.3295413000000003,JRS CAP PROPRIO
922,BAZA3,2016-04-08,0.0935867,RENDIMENTO
922,BAZA3,2015-11-04,0.8586062,JRS CAP PROPRIO
922,BAZA3,2015-04-14,2.0095753,JRS CAP PROPRIO
922,BAZA3,2015-04-14,0.07136930000000001,RENDIMENTO
922,BAZA3,2014-10-24,0.3849183,JRS CAP PROPRIO
922,BAZA3,2014-04-04,1.6392752,JRS CAP PROPRIO
922,BAZA3,2014-04-04,0.047257499999999994,RENDIMENTO
1023,BBAS3,2024-09-11,0.18660197784,JRS CAP PROPRIO
1023,BBAS3,2024-08-21,0.15186078881,DIVIDENDO
1023,BBAS3,2024-08-21,0.3144814886,JRS CAP PROPRIO
1023,BBAS3,2024-08-21,0.00270692373,RENDIMENTO
1023,BBAS3,2024-08-21,0.00560564324,RENDIMENTO
1023,BBAS3,2024-06-13,0.2042404444,JRS CAP PROPRIO
1023,BBAS3,2024-06-11,0.16478568141,DIVIDENDO
1023,BBAS3,2024-06-11,0.29316146583,JRS CAP PROPRIO
1023,BBAS3,2024-03-11,0.205018366415,JRS CAP PROPRIO
1023,BBAS3,2024-02-21,0.110409313035,DIVIDENDO
1023,BBAS3,2024-02-21,0.30681812811,JRS CAP PROPRIO
1023,BBAS3,2024-02-21,0.001961354025,RENDIMENTO
1023,BBAS3,2024-02-21,0.00545043668,RENDIMENTO
1023,BBAS3,2023-12-11,0.171153235115,JRS CAP PROPRIO
1023,BBAS3,2023-11-21,0.0509943037,DIVIDENDO
1023,BBAS3,2023-11-21,0.343111012755,JRS CAP PROPRIO
1023,BBAS3,2023-09-11,0.167098607185,JRS CAP PROPRIO
1023,BBAS3,2023-08-21,0.07186082346,DIVIDENDO
1023,BBAS3,2023-08-21,0.327327570985,JRS CAP PROPRIO
1023,BBAS3,2023-08-21,0.001561792895,RENDIMENTO
1023,BBAS3,2023-08-21,0.00711399969,RENDIMENTO
1023,BBAS3,2023-06-12,0.169315669745,JRS CAP PROPRIO
1023,BBAS3,2023-06-01,0.061503961995,DIVIDENDO
1023,BBAS3,2023-06-01,0.327209959145,JRS CAP PROPRIO
1023,BBAS3,2023-03-13,0.17601848623,JRS CAP PROPRIO
1023,BBAS3,2023-02-23,0.11774569565,DIVIDENDO
1023,BBAS3,2023-02-23,0.286765904135,JRS CAP PROPRIO
1023,BBAS3,2023-02-23,0.00259904627,RENDIMENTO
1023,BBAS3,2023-02-23,0.006329894685,RENDIMENTO
1023,BBAS3,2022-12-12,0.17276258368,JRS CAP PROPRIO
1023,BBAS3,2022-11-21,0.085103045185,DIVIDENDO
1023,BBAS3,2022-11-21,0.317238825465,JRS CAP PROPRIO
1023,BBAS3,2022-09-12,0.1368677562,JRS CAP PROPRIO
1023,BBAS3,2022-08-22,0.100094499095,DIVIDENDO
1023,BBAS3,2022-08-22,0.28533923344,JRS CAP PROPRIO
1023,BBAS3,2022-08-22,0.00221660856,RENDIMENTO
1023,BBAS3,2022-08-22,0.006318882585,RENDIMENTO
1023,BBAS3,2022-06-13,0.125142512055,JRS CAP PROPRIO
1023,BBAS3,2022-05-23,0.07767352743,DIVIDENDO
1023,BBAS3,2022-05-23,0.258862033005,JRS CAP PROPRIO
1023,BBAS3,2022-03-14,0.10531438425,JRS CAP PROPRIO
1023,BBAS3,2022-03-02,0.177911299905,DIVIDENDO
1023,BBAS3,2022-03-02,0.22710279458,JRS CAP PROPRIO
1023,BBAS3,2022-03-02,0.003227177385,RENDIMENTO
1023,BBAS3,2022-03-02,0.004119474165,RENDIMENTO
1023,BBAS3,2021-12-13,0.0874956379,JRS CAP PROPRIO
1023,BBAS3,2021-11-22,0.19685157435,JRS CAP PROPRIO
1023,BBAS3,2021-09-13,0.092369824125,JRS CAP PROPRIO
1023,BBAS3,2021-08-23,0.172794436355,JRS CAP PROPRIO
1023,BBAS3,2021-08-23,0.00134998851,RENDIMENTO
1023,BBAS3,2021-06-11,0.08425951042,JRS CAP PROPRIO
1023,BBAS3,2021-05-21,0.037167353545,DIVIDENDO
1023,BBAS3,2021-05-21,0.17005568997,JRS CAP PROPRIO
1023,BBAS3,2021-03-11,0.0728571301,JRS CAP PROPRIO
1023,BBAS3,2021-02-22,0.21726548617,JRS CAP PROPRIO
1023,BBAS3,2021-02-22,0.00066632476,RENDIMENTO
1023,BBAS3,2020-12-11,0.05849235001,JRS CAP PROPRIO
1023,BBAS3,2020-11-16,0.097386870135,JRS CAP PROPRIO
1023,BBAS3,2020-09-11,0.051431409355,JRS CAP PROPRIO
1023,BBAS3,2020-08-21,0.220309910115,JRS CAP PROPRIO
1023,BBAS3,2020-08-21,0.000783252685,RENDIMENTO
1023,BBAS3,2020-03-11,0.09071026372,JRS CAP PROPRIO
1023,BBAS3,2020-02-21,0.217834845995,JRS CAP PROPRIO
1023,BBAS3,2020-02-21,0.001606367055,RENDIMENTO
1023,BBAS3,2019-12-11,0.088087001445,JRS CAP PROPRIO
1023,BBAS3,2019-11-21,0.18252107073,JRS CAP PROPRIO
1023,BBAS3,2019-09-11,0.116477887395,JRS CAP PROPRIO
1023,BBAS3,2019-08-21,0.22070657562,JRS CAP PROPRIO
1023,BBAS3,2019-08-21,0.002370947095,RENDIMENTO
1023,BBAS3,2019-06-11,0.085527244205,JRS CAP PROPRIO
1023,BBAS3,2019-05-21,0.207419362875,JRS CAP PROPRIO
1023,BBAS3,2019-03-11,0.078062262335,JRS CAP PROPRIO
1023,BBAS3,2019-02-21,0.29268412831,JRS CAP PROPRIO
1023,BBAS3,2019-02-21,0.003260273075,RENDIMENTO
1023,BBAS3,2018-12-11,0.062835332975,JRS CAP PROPRIO
1023,BBAS3,2018-11-21,0.20844680493,JRS CAP PROPRIO
1023,BBAS3,2018-09-11,0.042745893755,JRS CAP PROPRIO
1023,BBAS3,2018-08-21,0.13334565397,JRS CAP PROPRIO
1023,BBAS3,2018-08-21,0.001485366655,RENDIMENTO
1023,BBAS3,2018-06-11,0.038601657865,JRS CAP PROPRIO
1023,BBAS3,2018-05-21,0.10697743072,JRS CAP PROPRIO
1023,BBAS3,2018-03-12,0.040855048505,JRS CAP PROPRIO
1023,BBAS3,2018-03-01,0.121306747865,JRS CAP PROPRIO
1023,BBAS3,2018-03-01,0.001528730975,RENDIMENTO
1023,BBAS3,2017-12-11,0.04129860855,JRS CAP PROPRIO
1023,BBAS3,2017-11-21,0.11161831221,JRS CAP PROPRIO
1023,BBAS3,2017-09-11,0.03814616394,JRS CAP PROPRIO
1023,BBAS3,2017-08-21,0.10053277377,JRS CAP PROPRIO
1023,BBAS3,2017-08-21,0.00161887116,RENDIMENTO
1023,BBAS3,2017-06-12,0.039286746915,JRS CAP PROPRIO
1023,BBAS3,2017-05-22,0.091469589845,JRS CAP PROPRIO
1023,BBAS3,2017-03-13,0.036057723735,JRS CAP PROPRIO
1023,BBAS3,2017-03-01,0.012657710785,JRS CAP PROPRIO
1023,BBAS3,2017-03-01,0.000295915845,RENDIMENTO
1023,BBAS3,2016-12-12,0.03846579667,JRS CAP PROPRIO
1023,BBAS3,2016-11-21,0.05493534111,JRS CAP PROPRIO
1023,BBAS3,2016-09-12,0.063326035965,JRS CAP PROPRIO
1023,BBAS3,2016-08-22,0.06838410772,JRS CAP PROPRIO
1023,BBAS3,2016-08-22,0.001598589265,RENDIMENTO
1023,BBAS3,2016-06-13,0.068877560605,JRS CAP PROPRIO
1023,BBAS3,2016-05-23,0.066841385375,JRS CAP PROPRIO
1023,BBAS3,2016-03-11,0.049142494485,JRS CAP PROPRIO
1023,BBAS3,2016-03-02,0.04415670931,JRS CAP PROPRIO
1023,BBAS3,2016-03-02,0.001127262255,RENDIMENTO
1023,BBAS3,2015-12-11,0.137245436555,JRS CAP PROPRIO
1023,BBAS3,2015-11-23,0.085402384325,JRS CAP PROPRIO
1023,BBAS3,2015-09-11,0.13303901304,JRS CAP PROPRIO
1023,BBAS3,2015-08-21,0.006988169115,DIVIDENDO
1023,BBAS3,2015-08-21,0.000164374715,RENDIMENTO
1023,BBAS3,2015-08-21,0.062164286475,JRS CAP PROPRIO
1023,BBAS3,2015-08-21,0.001462219475,RENDIMENTO
1023,BBAS3,2015-06-11,0.14494674797,JRS CAP PROPRIO
1023,BBAS3,2015-05-21,0.22556878275,DIVIDENDO
1023,BBAS3,2015-03-23,0.188496223925,JRS CAP PROPRIO
1023,BBAS3,2015-02-19,0.04493246944,DIVIDENDO
1023,BBAS3,2015-02-19,0.000792326625,RENDIMENTO
1023,BBAS3,2014-12-11,0.16997424493,JRS CAP PROPRIO
1023,BBAS3,2014-11-14,0.02785881675,DIVIDENDO
1023,BBAS3,2014-09-11,0.16826088437,JRS CAP PROPRIO
1023,BBAS3,2014-08-19,0.038684880095,DIVIDENDO
1023,BBAS3,2014-08-19,0.00070519642,RENDIMENTO
1023,BBAS3,2014-06-11,0.160520443685,JRS CAP PROPRIO
1023,BBAS3,2014-05-19,0.0406087088,DIVIDENDO
1023,BBAS3,2014-03-11,0.15733791346,JRS CAP PROPRIO
1023,BBAS3,2014-02-13,0.065111594445,DIVIDENDO
1023,BBAS3,2014-02-13,0.00096563243,RENDIMENTO
1023,BBAS3,2013-12-11,0.15482922924,JRS CAP PROPRIO
1023,BBAS3,2013-11-21,0.033307368575,DIVIDENDO
19348,ITUB4,2024-09-30,0.01765,JRS CAP PROPRIO
19348,ITUB4,2024-09-19,0.27298,JRS CAP PROPRIO
19348,ITUB4,2024-08-30,0.01765,JRS CAP PROPRIO
19348,ITUB4,2024-07-31,0.01765,JRS CAP PROPRIO
19348,ITUB4,2024-06-28,0.01765,JRS CAP PROPRIO
19348,ITUB4,2024-06-20,0.251,JRS CAP PROPRIO
19348,ITUB4,2024-05-31,0.01765,JRS CAP PROPRIO
19348,ITUB4,2024-04-30,0.01765,JRS CAP PROPRIO
19348,ITUB4,2024-03-28,0.01765,JRS CAP PROPRIO
19348,ITUB4,2024-03-21,0.2418,JRS CAP PROPRIO
19348,ITUB4,2024-02-29,0.01765,JRS CAP PROPRIO
19348,ITUB4,2024-02-21,1.125125,DIVIDENDO
19348,ITUB4,2024-01-31,0.01765,JRS CAP PROPRIO
19348,ITUB4,2023-12-28,0.01765,JRS CAP PROPRIO
19348,ITUB4,2023-12-06,0.24724,JRS CAP PROPRIO
19348,ITUB4,2023-11-30,0.01765,JRS CAP PROPRIO
19348,ITUB4,2023-10-31,0.01765,JRS CAP PROPRIO
19348,ITUB4,2023-09-29,0.01765,JRS CAP PROPRIO
19348,ITUB4,2023-09-18,0.2693,JRS CAP PROPRIO
19348,ITUB4,2023-08-31,0.01765,JRS CAP PROPRIO
19348,ITUB4,2023-07-31,0.01765,JRS CAP PROPRIO
19348,ITUB4,2023-06-30,0.01765,JRS CAP PROPRIO
19348,ITUB4,2023-06-19,0.2663,JRS CAP PROPRIO
19348,ITUB4,2023-05-31,0.01765,JRS CAP PROPRIO
19348,ITUB4,2023-04-28,0.01765,JRS CAP PROPRIO
19348,ITUB4,2023-03-31,0.01765,JRS CAP PROPRIO
19348,ITUB4,2023-03-23,0.262,JRS CAP PROPRIO
19348,ITUB4,2023-02-28,0.01765,JRS CAP PROPRIO
19348,ITUB4,2023-01-31,0.01765,JRS CAP PROPRIO
19348,ITUB4,2022-12-29,0.01765,JRS CAP PROPRIO
19348,ITUB4,2022-12-08,0.48618,JRS CAP PROPRIO
19348,ITUB4,2022-11-30,0.01765,JRS CAP PROPRIO
19348,ITUB4,2022-10-31,0.01765,JRS CAP PROPRIO
19348,ITUB4,2022-09-30,0.01765,JRS CAP PROPRIO
19348,ITUB4,2022-08-31,0.01765,JRS CAP PROPRIO
19348,ITUB4,2022-08-18,0.3065,JRS CAP PROPRIO
19348,ITUB4,2022-07-29,0.01765,JRS CAP PROPRIO
19348,ITUB4,2022-06-30,0.01765,JRS CAP PROPRIO
19348,ITUB4,2022-05-31,0.01765,JRS CAP PROPRIO
19348,ITUB4,2022-04-29,0.01765,JRS CAP PROPRIO
19348,ITUB4,2022-03-31,0.01765,JRS CAP PROPRIO
19348,ITUB4,2022-02-25,0.01765,JRS CAP PROPRIO
19348,ITUB4,2022-02-21,0.01366,JRS CAP PROPRIO
19348,ITUB4,2022-01-31,0.01765,JRS CAP PROPRIO
19348,ITUB4,2021-12-30,0.01765,JRS CAP PROPRIO
19348,ITUB4,2021-11-30,0.01765,JRS CAP PROPRIO
19348,ITUB4,2021-11-19,0.264551,JRS CAP PROPRIO
19348,ITUB4,2021-10-29,0.01765,JRS CAP PROPRIO
19348,ITUB4,2021-09-30,0.015,DIVIDENDO
19348,ITUB4,2021-08-31,0.015,DIVIDENDO
19348,ITUB4,2021-08-13,0.10384,JRS CAP PROPRIO
19348,ITUB4,2021-07-30,0.015,DIVIDENDO
19348,ITUB4,2021-06-30,0.015,DIVIDENDO
19348,ITUB4,2021-05-31,0.015,DIVIDENDO
19348,ITUB4,2021-05-24,0.04874,JRS CAP PROPRIO
19348,ITUB4,2021-04-30,0.015,DIVIDENDO
19348,ITUB4,2021-04-27,0.05648,JRS CAP PROPRIO
19348,ITUB4,2021-03-31,0.015,DIVIDENDO
19348,ITUB4,2021-03-25,0.05064,JRS CAP PROPRIO
19348,ITUB4,2021-02-26,0.015,DIVIDENDO
19348,ITUB4,2021-02-25,0.096407,DIVIDENDO
19348,ITUB4,2021-02-25,0.05058,JRS CAP PROPRIO
19348,ITUB4,2021-01-29,0.015,DIVIDENDO
19348,ITUB4,2021-01-22,0.05016,JRS CAP PROPRIO
19348,ITUB4,2020-12-30,0.015,DIVIDENDO
19348,ITUB4,2020-12-10,0.06396,JRS CAP PROPRIO
19348,ITUB4,2020-11-30,0.015,DIVIDENDO
19348,ITUB4,2020-10-30,0.015,DIVIDENDO
19348,ITUB4,2020-09-30,0.015,DIVIDENDO
19348,ITUB4,2020-08-31,0.015,DIVIDENDO
19348,ITUB4,2020-08-17,0.0529,JRS CAP PROPRIO
19348,ITUB4,2020-07-31,0.015,DIVIDENDO
19348,ITUB4,2020-06-30,0.015,DIVIDENDO
19348,ITUB4,2020-05-29,0.015,DIVIDENDO
19348,ITUB4,2020-04-30,0.015,DIVIDENDO
19348,ITUB4,2020-03-31,0.015,DIVIDENDO
19348,ITUB4,2020-02-28,0.015,DIVIDENDO
19348,ITUB4,2020-02-20,0.4832,DIVIDENDO
19348,ITUB4,2020-02-20,0.5235,JRS CAP PROPRIO
19348,ITUB4,2020-01-31,0.015,DIVIDENDO
19348,ITUB4,2019-12-30,0.015,DIVIDENDO
19348,ITUB4,2019-12-12,0.03756,JRS CAP PROPRIO
19348,ITUB4,2019-11-29,0.015,DIVIDENDO
19348,ITUB4,2019-10-31,0.015,DIVIDENDO
19348,ITUB4,2019-09-30,0.015,DIVIDENDO
19348,ITUB4,2019-08-30,0.015,DIVIDENDO
19348,ITUB4,2019-08-15,0.7869,DIVIDENDO
19348,ITUB4,2019-07-31,0.015,DIVIDENDO
19348,ITUB4,2019-06-28,0.015,DIVIDENDO
19348,ITUB4,2019-05-31,0.015,DIVIDENDO
19348,ITUB4,2019-04-30,0.015,DIVIDENDO
19348,ITUB4,2019-03-29,0.015,DIVIDENDO
19348,ITUB4,2019-02-28,0.015,DIVIDENDO
19348,ITUB4,2019-02-21,1.0507,DIVIDENDO
19348,ITUB4,2019-02-21,0.7494,JRS CAP PROPRIO
19348,ITUB4,2019-01-31,0.015,DIVIDENDO
19348,ITUB4,2018-12-28,0.015,DIVIDENDO
19348,ITUB4,2018-12-17,0.0106,JRS CAP PROPRIO
19348,ITUB4,2018-11-30,0.015,DIVIDENDO
19348,ITUB4,2018-10-31,0.01,DIVIDENDO
19348,ITUB4,2018-09-28,0.01,DIVIDENDO
19348,ITUB4,2018-08-31,0.01,DIVIDENDO
19348,ITUB4,2018-08-17,0.416,DIVIDENDO
19348,ITUB4,2018-08-17,0.08346666666666668,JRS CAP PROPRIO
19348,ITUB4,2018-07-31,0.01,DIVIDENDO
19348,ITUB4,2018-06-29,0.01,DIVIDENDO
19348,ITUB4,2018-05-30,0.01,DIVIDENDO
19348,ITUB4,2018-04-30,0.01,DIVIDENDO
19348,ITUB4,2018-03-29,0.01,DIVIDENDO
19348,ITUB4,2018-02-28,0.01,DIVIDENDO
19348,ITUB4,2018-02-15,0.08693333333333332,DIVIDENDO
19348,ITUB4,2018-02-15,0.6425333333333333,DIVIDENDO
19348,ITUB4,2018-02-15,0.7658666666666667,JRS CAP PROPRIO
19348,ITUB4,2018-01-31,0.01,DIVIDENDO
19348,ITUB4,2017-12-28,0.01,DIVIDENDO
19348,ITUB4,2017-12-14,0.09633333333333333,JRS CAP PROPRIO
19348,ITUB4,2017-11-30,0.01,DIVIDENDO
19348,ITUB4,2017-10-31,0.01,DIVIDENDO
19348,ITUB4,2017-09-29,0.01,DIVIDENDO
19348,ITUB4,2017-08-31,0.01,DIVIDENDO
19348,ITUB4,2017-08-14,0.266,JRS CAP PROPRIO
19348,ITUB4,2017-07-31,0.01,DIVIDENDO
19348,ITUB4,2017-06-30,0.01,DIVIDENDO
19348,ITUB4,2017-05-31,0.01,DIVIDENDO
19348,ITUB4,2017-04-28,0.01,DIVIDENDO
19348,ITUB4,2017-03-31,0.01,DIVIDENDO
19348,ITUB4,2017-02-24,0.01,DIVIDENDO
19348,ITUB4,2017-02-20,0.5169333333333334,JRS CAP PROPRIO
19348,ITUB4,2017-01-31,0.01,DIVIDENDO
19348,ITUB4,2016-12-29,0.01,DIVIDENDO
19348,ITUB4,2016-12-22,0.31426666666666664,JRS CAP PROPRIO
19348,ITUB4,2016-11-30,0.01,DIVIDENDO
19348,ITUB4,2016-10-31,0.01,DIVIDENDO
19348,ITUB4,2016-09-30,0.01,DIVIDENDO
19348,ITUB4,2016-08-31,0.01,DIVIDENDO
19348,ITUB4,2016-08-12,0.266,JRS CAP PROPRIO
19348,ITUB4,2016-07-29,0.01,DIVIDENDO
19348,ITUB4,2016-06-30,0.01,DIVIDENDO
19348,ITUB4,2016-05-31,0.01,DIVIDENDO
19348,ITUB4,2016-04-29,0.01,DIVIDENDO
19348,ITUB4,2016-03-31,0.01,DIVIDENDO
19348,ITUB4,2016-02-29,0.01,DIVIDENDO
19348,ITUB4,2016-02-18,0.132,DIVIDENDO
19348,ITUB4,2016-02-18,0.30426666666666663,JRS CAP PROPRIO
19348,ITUB4,2016-01-29,0.01,DIVIDENDO
19348,ITUB4,2015-12-30,0.01,DIVIDENDO
19348,ITUB4,2015-12-09,0.13933333333333334,JRS CAP PROPRIO
19348,ITUB4,2015-11-30,0.01,DIVIDENDO
19348,ITUB4,2015-10-30,0.01,DIVIDENDO
19348,ITUB4,2015-09-30,0.01,DIVIDENDO
19348,ITUB4,2015-08-31,0.01,DIVIDENDO
19348,ITUB4,2015-08-12,0.23066666666666666,JRS CAP PROPRIO
19348,ITUB4,2015-07-31,0.01,DIVIDENDO
19348,ITUB4,2015-06-30,0.01,DIVIDENDO
19348,ITUB4,2015-05-29,0.01,DIVIDENDO
19348,ITUB4,2015-04-30,0.01,DIVIDENDO
19348,ITUB4,2015-03-31,0.01,DIVIDENDO
19348,ITUB4,2015-02-27,0.01,DIVIDENDO
19348,ITUB4,2015-02-10,0.20420000000000002,DIVIDENDO
19348,ITUB4,2015-02-10,0.3586666666666667,JRS CAP PROPRIO
19348,ITUB4,2015-01-30,0.01,DIVIDENDO
19348,ITUB4,2014-12-30,0.01,DIVIDENDO
19348,ITUB4,2014-11-28,0.01,DIVIDENDO
19348,ITUB4,2014-10-31,0.01,DIVIDENDO
19348,ITUB4,2014-09-30,0.01,DIVIDENDO
19348,ITUB4,2014-08-29,0.01,DIVIDENDO
19348,ITUB4,2014-08-13,0.21704,JRS CAP PROPRIO
19348,ITUB4,2014-07-31,0.01,DIVIDENDO
19348,ITUB4,2014-06-30,0.01,DIVIDENDO
19348,ITUB4,2014-05-30,0.01,DIVIDENDO
19348,ITUB4,2014-04-30,0.01,DIVIDENDO
19348,ITUB4,2014-03-31,0.01,DIVIDENDO
19348,ITUB4,2014-02-28,0.01,DIVIDENDO
19348,ITUB4,2014-02-18,0.34906666666666664,JRS CAP PROPRIO
19348,ITUB4,2014-01-31,0.01,DIVIDENDO
19348,ITUB4,2013-12-30,0.01,DIVIDENDO
19348,ITUB4,2013-12-20,0.13573333333333334,JRS CAP PROPRIO
19348,ITUB4,2013-11-29,0.01,DIVIDENDO
20532,SANB4,2024-07-19,0.21083318082,JRS CAP PROPRIO
20532,SANB4,2024-04-19,0.21078047866,JRS CAP PROPRIO
20532,SANB4,2024-01-19,0.21101961131,JRS CAP PROPRIO
20532,SANB4,2023-10-19,0.05352603789,DIVIDENDO
20532,SANB4,2023-10-19,0.15776095377,JRS CAP PROPRIO
20532,SANB4,2023-07-20,0.21127627878,JRS CAP PROPRIO
20532,SANB4,2023-04-24,0.21123219374,JRS CAP PROPRIO
20532,SANB4,2023-01-26,0.23971054416,JRS CAP PROPRIO
20532,SANB4,2022-10-21,0.11552729142,DIVIDENDO
20532,SANB4,2022-10-21,0.12398050786,JRS CAP PROPRIO
20532,SANB4,2022-08-12,0.23952213669,JRS CAP PROPRIO
20532,SANB4,2022-04-20,0.0983975561,DIVIDENDO
20532,SANB4,2022-04-20,0.14056793729,JRS CAP PROPRIO
20532,SANB4,2022-02-10,0.18254848926,DIVIDENDO
20532,SANB4,2022-02-10,0.23871725519,JRS CAP PROPRIO
20532,SANB4,2022-01-07,0.03496553166,JRS CAP PROPRIO
20532,SANB4,2021-11-04,0.42127891003,DIVIDENDO
20532,SANB4,2021-08-04,0.47744943137,JRS CAP PROPRIO
20532,SANB4,2021-05-07,0.42127891003,DIVIDENDO
20532,SANB4,2021-02-12,0.07196826858,DIVIDENDO
20532,SANB4,2021-01-08,0.0934588534,JRS CAP PROPRIO
20532,SANB4,2020-11-04,0.14053996918,JRS CAP PROPRIO
20532,SANB4,2020-08-06,0.10821719794,JRS CAP PROPRIO
20532,SANB4,2020-05-07,0.12508424225,JRS CAP PROPRIO
20532,SANB4,2020-01-03,0.95371976819,DIVIDENDO
20532,SANB4,2020-01-03,0.14186405977,JRS CAP PROPRIO
20532,SANB4,2019-10-08,0.14042714915,JRS CAP PROPRIO
20532,SANB4,2019-07-05,0.14040391792,JRS CAP PROPRIO
20532,SANB4,2019-04-05,0.14034380347,JRS CAP PROPRIO
20532,SANB4,2019-01-07,0.26943758735,DIVIDENDO
20532,SANB4,2019-01-07,0.40415638103,JRS CAP PROPRIO
20532,SANB4,2018-10-05,0.08414836669,JRS CAP PROPRIO
20532,SANB4,2018-07-04,0.08414511856,DIVIDENDO
20532,SANB4,2018-04-05,0.08396341898,JRS CAP PROPRIO
20532,SANB4,2018-01-05,0.35012930822,DIVIDENDO
20532,SANB4,2018-01-05,0.32211896356,JRS CAP PROPRIO
20532,SANB4,2017-10-06,0.06995091821,JRS CAP PROPRIO
20532,SANB4,2017-08-02,0.06988079941,JRS CAP PROPRIO
20532,SANB4,2017-05-03,0.0697158013,JRS CAP PROPRIO
20532,SANB4,2017-01-04,0.09771396096,DIVIDENDO
20532,SANB4,2017-01-04,0.09771396096,DIVIDENDO
20532,SANB4,2017-01-04,0.46763109886,JRS CAP PROPRIO
20532,SANB4,2016-07-06,0.06977188623,JRS CAP PROPRIO
20532,SANB4,2015-12-30,0.22301526823,DIVIDENDO
20532,SANB4,2015-12-30,0.19513835971,JRS CAP PROPRIO
20532,SANB4,2015-09-09,0.42439272226,DIVIDENDO
20532,SANB4,2015-03-27,0.02084210488,DIVIDENDO
20532,SANB4,2014-12-30,0.09593320643,JRS CAP PROPRIO
20532,SANB4,2014-09-25,0.03055117448,DIVIDENDO
20532,SANB4,2014-06-25,0.05555054899,DIVIDENDO
20532,SANB4,2014-03-26,0.00026462853,DIVIDENDO
20532,SANB4,2014-03-26,0.00031867807,DIVIDENDO
20532,SANB4,2014-01-14,0.01510977027,REST CAP DIN
20532,SANB4,2013-12-30,0.00075481843,DIVIDENDO
20532,SANB4,2013-12-30,0.00189184654,DIVIDENDO
22616,BPAC3,2024-07-03,0.135563441,JRS CAP PROPRIO
22616,BPAC3,2024-01-03,0.049415061,JRS CAP PROPRIO
22616,BPAC3,2023-12-04,0.07696505,JRS CAP PROPRIO
22616,BPAC3,2023-08-04,0.133814235,JRS CAP PROPRIO
22616,BPAC3,2023-01-04,0.049232668,JRS CAP PROPRIO
22616,BPAC3,2022-12-16,0.065353099,JRS CAP PROPRIO
22616,BPAC3,2022-08-04,0.104416137,JRS CAP PROPRIO
22616,BPAC3,2022-01-05,0.049104303,JRS CAP PROPRIO
22616,BPAC3,2021-12-20,0.02259667,JRS CAP PROPRIO
22616,BPAC3,2021-08-05,0.056635082,JRS CAP PROPRIO
22616,BPAC3,2021-01-06,0.051885442,JRS CAP PROPRIO
22616,BPAC3,2020-07-22,0.049120676,JRS CAP PROPRIO
22616,BPAC3,2020-01-06,0.0517016895,JRS CAP PROPRIO
22616,BPAC3,2019-08-08,0.059583826,JRS CAP PROPRIO
22616,BPAC3,2019-01-07,0.0577218315,JRS CAP PROPRIO
22616,BPAC3,2018-08-13,0.0561209225,JRS CAP PROPRIO
22616,BPAC3,2018-01-04,0.05710743875,JRS CAP PROPRIO
22616,BPAC3,2017-07-05,0.05724940925,JRS CAP PROPRIO
22616,BPAC3,2017-01-04,0.08059332125,JRS CAP PROPRIO
22616,BPAC3,2016-07-05,0.04693498425,JRS CAP PROPRIO
22616,BPAC3,2015-12-29,0.04528284775,JRS CAP PROPRIO
22616,BPAC3,2015-08-11,0.00435779975,DIVIDENDO
22616,BPAC3,2015-07-06,0.03885959475,JRS CAP PROPRIO
22616,BPAC3,2015-03-02,0.00977291175,DIVIDENDO
22616,BPAC3,2015-01-06,0.0274595525,JRS CAP PROPRIO
22616,BPAC3,2014-08-11,0.01350324875,DIVIDENDO
22616,BPAC3,2014-08-11,0.02779105625,JRS CAP PROPRIO
22616,BPAC3,2014-02-21,0.0121726955,DIVIDENDO
22616,BPAC3,2013-12-23,0.0227356255,JRS CAP PROPRIO
2437,ELET3,2024-04-26,0.4038016299,DIVIDENDO
2437,ELET3,2023-04-27,0.22092893755,DIVIDENDO
2437,ELET3,2022-04-22,0.71578248571,DIVIDENDO
2437,ELET3,2022-04-22,0.02185647546,RENDIMENTO
2437,ELET3,2021-04-27,0.94376677536,DIVIDENDO
2437,ELET3,2021-04-27,0.01936988362,RENDIMENTO
2437,ELET3,2021-02-03,1.435129631,DIVIDENDO
2437,ELET3,2020-07-29,1.59085138596,DIVIDENDO
2437,ELET3,2020-07-29,0.03453351521,RENDIMENTO
2437,ELET3,2019-04-29,0.8105715832,DIVIDENDO
2437,ELET3,2019-04-29,0.048254365,RENDIMENTO
2437,ELET3,2014-04-30,0.399210837,JRS CAP PROPRIO
2437,ELET3,2014-04-30,0.016583465,RENDIMENTO
2453,CMIG4,2024-09-23,0.08260111039,JRS CAP PROPRIO
2453,CMIG4,2024-09-23,0.08260111039,JRS CAP PROPRIO
2453,CMIG4,2024-08-23,0.4963597647,DIVIDENDO
2453,CMIG4,2024-06-21,0.07510604422,JRS CAP PROPRIO
2453,CMIG4,2024-06-21,0.07510604422,JRS CAP PROPRIO
2453,CMIG4,2024-04-29,0.12113430098,DIVIDENDO
2453,CMIG4,2024-04-29,0.12113430098,DIVIDENDO
2453,CMIG4,2024-03-26,0.08778293443,JRS CAP PROPRIO
2453,CMIG4,2024-03-26,0.08778293443,JRS CAP PROPRIO
2453,CMIG4,2023-12-21,0.30051039777,JRS CAP PROPRIO
2453,CMIG4,2023-12-21,0.30051039777,JRS CAP PROPRIO
2453,CMIG4,2023-09-25,0.09497144782,JRS CAP PROPRIO
2453,CMIG4,2023-09-25,0.09497144782,JRS CAP PROPRIO
2453,CMIG4,2023-06-23,0.09695370248,JRS CAP PROPRIO
2453,CMIG4,2023-06-23,0.09695370248,JRS CAP PROPRIO
2453,CMIG4,2023-04-27,0.05653493004,DIVIDENDO
2453,CMIG4,2023-04-27,0.05653493004,DIVIDENDO
2453,CMIG4,2023-03-27,0.09639201822,JRS CAP PROPRIO
2453,CMIG4,2023-03-27,0.09639201822,JRS CAP PROPRIO
2453,CMIG4,2022-12-27,0.11713434556,JRS CAP PROPRIO
2453,CMIG4,2022-12-27,0.11713434556,JRS CAP PROPRIO
2453,CMIG4,2022-12-21,0.09057090609,JRS CAP PROPRIO
2453,CMIG4,2022-12-21,0.09057090609,JRS CAP PROPRIO
2453,CMIG4,2022-09-23,0.10714013747,JRS CAP PROPRIO
2453,CMIG4,2022-09-23,0.10714013747,JRS CAP PROPRIO
2453,CMIG4,2022-06-24,0.0802081495,JRS CAP PROPRIO
2453,CMIG4,2022-06-24,0.0802081495,JRS CAP PROPRIO
2453,CMIG4,2022-04-29,0.29870896368,DIVIDENDO
2453,CMIG4,2022-04-29,0.29870896368,DIVIDENDO
2453,CMIG4,2022-03-28,0.14473821881,JRS CAP PROPRIO
2453,CMIG4,2021-12-21,0.28217513295,JRS CAP PROPRIO
2453,CMIG4,2021-12-21,0.28217513295,JRS CAP PROPRIO
2453,CMIG4,2021-04-30,0.30584806747,DIVIDENDO
2453,CMIG4,2021-04-30,0.30584806747,DIVIDENDO
2453,CMIG4,2020-12-30,0.14276673121,JRS CAP PROPRIO
2453,CMIG4,2020-12-30,0.14276673121,JRS CAP PROPRIO
2453,CMIG4,2020-09-25,0.03952129643,JRS CAP PROPRIO
2453,CMIG4,2020-09-25,0.03952129643,JRS CAP PROPRIO
2453,CMIG4,2020-07-31,0.2497483385,DIVIDENDO
2453,CMIG4,2019-12-23,0.13715616054,JRS CAP PROPRIO
2453,CMIG4,2019-12-23,0.13715616054,JRS CAP PROPRIO
2453,CMIG4,2019-05-03,0.450798011,DIVIDENDO
2453,CMIG4,2018-12-21,0.0720069845,JRS CAP PROPRIO
2453,CMIG4,2018-12-21,0.0720069845,JRS CAP PROPRIO
2453,CMIG4,2018-04-30,0.500288822,DIVIDENDO
2453,CMIG4,2017-05-12,0.1217797795,DIVIDENDO
2453,CMIG4,2017-05-12,0.1217797795,DIVIDENDO
2453,CMIG4,2016-12-26,0.150999665,JRS CAP PROPRIO
2453,CMIG4,2016-12-26,0.150999665,JRS CAP PROPRIO
2453,CMIG4,2016-04-29,0.344889593,DIVIDENDO
2453,CMIG4,2015-12-30,0.079473508,JRS CAP PROPRIO
2453,CMIG4,2015-12-30,0.079473508,JRS CAP PROPRIO
2453,CMIG4,2015-04-30,0.450866721,DIVIDENDO
2453,CMIG4,2014-12-26,0.091394534,JRS CAP PROPRIO
2453,CMIG4,2014-12-26,0.091394534,JRS CAP PROPRIO
2453,CMIG4,2014-11-07,0.874208588,DIVIDENDO
2453,CMIG4,2014-06-27,0.874208588,DIVIDENDO
2453,CMIG4,2014-06-27,0.480019988,DIVIDENDO
2453,CMIG4,2014-04-30,0.446026387,DIVIDENDO
2453,CMIG4,2014-04-30,0.446026387,DIVIDENDO
2453,CMIG4,2013-12-05,0.554058049,JRS CAP PROPRIO
15539,NEOE3,2024-07-01,0.1648591816,JRS CAP PROPRIO
15539,NEOE3,2024-04-19,0.2484207455,DIVIDENDO
15539,NEOE3,2024-01-04,0.4164934687,JRS CAP PROPRIO
15539,NEOE3,2023-06-30,0.3193050597,JRS CAP PROPRIO
15539,NEOE3,2023-04-27,0.5838428214,DIVIDENDO
15539,NEOE3,2023-01-04,0.2539543586,JRS CAP PROPRIO
15539,NEOE3,2022-07-05,0.1376968479,JRS CAP PROPRIO
15539,NEOE3,2022-04-25,0.5291396151,DIVIDENDO
15539,NEOE3,2022-01-05,0.1318177317,JRS CAP PROPRIO
15539,NEOE3,2021-07-01,0.1406397677,JRS CAP PROPRIO
15539,NEOE3,2021-04-12,0.1653481665,DIVIDENDO
15539,NEOE3,2021-01-06,0.2196808408,JRS CAP PROPRIO
15539,NEOE3,2020-06-18,0.2293645009,JRS CAP PROPRIO
15539,NEOE3,2020-01-06,0.1793503819,JRS CAP PROPRIO
15539,NEOE3,2019-07-03,0.2784649582,JRS CAP PROPRIO
17329,EGIE3,2024-08-21,1.14324649075,DIVIDENDO
17329,EGIE3,2024-05-06,1.21880323443,DIVIDENDO
17329,EGIE3,2023-12-21,0.17771181551,JRS CAP PROPRIO
17329,EGIE3,2023-08-21,0.94027879765,DIVIDENDO
17329,EGIE3,2023-05-08,1.78344073619,DIVIDENDO
17329,EGIE3,2022-12-22,0.24511974553,JRS CAP PROPRIO
17329,EGIE3,2022-11-21,0.5794807287,DIVIDENDO
17329,EGIE3,2022-08-16,0.708254224,DIVIDENDO
17329,EGIE3,2022-05-11,0.673831348,DIVIDENDO
17329,EGIE3,2022-02-24,0.782752408,DIVIDENDO
17329,EGIE3,2021-12-29,0.0735359237,JRS CAP PROPRIO
17329,EGIE3,2021-08-16,0.9676321449,DIVIDENDO
17329,EGIE3,2021-05-11,0.7471177357,DIVIDENDO
17329,EGIE3,2020-12-18,0.6795603315,DIVIDENDO
17329,EGIE3,2020-12-18,0.2144797773,JRS CAP PROPRIO
17329,EGIE3,2020-08-07,0.8305737385,DIVIDENDO
17329,EGIE3,2019-12-02,1.0949497919,DIVIDENDO
17329,EGIE3,2019-12-02,0.4338619496,JRS CAP PROPRIO
17329,EGIE3,2019-05-06,0.09400692,DIVIDENDO
17329,EGIE3,2018-12-26,0.4865626949,JRS CAP PROPRIO
17329,EGIE3,2018-11-12,1.0,DIVIDENDO
17329,EGIE3,2018-08-20,1.7557267392,DIVIDENDO
17329,EGIE3,2018-04-23,0.9755096548,DIVIDENDO
17329,EGIE3,2017-11-09,0.6503333249,JRS CAP PROPRIO
17329,EGIE3,2017-08-09,1.4384206188,DIVIDENDO
17329,EGIE3,2017-05-29,0.6275749291,DIVIDENDO
17329,EGIE3,2016-11-10,0.6625893121,JRS CAP PROPRIO
17329,EGIE3,2016-08-08,0.9884403986,DIVIDENDO
17329,EGIE3,2016-05-10,0.3209526559,DIVIDENDO
17329,EGIE3,2015-11-23,0.4810475006,JRS CAP PROPRIO
17329,EGIE3,2015-08-20,0.4768763081,DIVIDENDO
17329,EGIE3,2015-05-08,0.2636276932,DIVIDENDO
17329,EGIE3,2014-11-25,0.3416356453,JRS CAP PROPRIO
17329,EGIE3,2014-11-10,0.5823340186,DIVIDENDO
17329,EGIE3,2014-09-11,0.7074583705,DIVIDENDO
17329,EGIE3,2013-11-25,0.3750332107,JRS CAP PROPRIO
18376,TRPL4,2023-12-13,0.24283600002,JRS CAP PROPRIO
18376,TRPL4,2023-12-13,1.96124699998,JRS CAP PROPRIO
18376,TRPL4,2022-12-26,1.062404,JRS CAP PROPRIO
18376,TRPL4,2021-12-22,0.173896,JRS CAP PROPRIO
18376,TRPL4,2021-11-03,0.529386,DIVIDENDO
18376,TRPL4,2021-11-03,0.780915,JRS CAP PROPRIO
18376,TRPL4,2021-07-06,0.502542,DIVIDENDO
18376,TRPL4,2021-03-30,0.795967,DIVIDENDO
18376,TRPL4,2021-02-25,0.806156,DIVIDENDO
18376,TRPL4,2020-12-16,0.176055,DIVIDENDO
18376,TRPL4,2020-12-16,0.661494,JRS CAP PROPRIO
18376,TRPL4,2020-11-04,0.522095,DIVIDENDO
18376,TRPL4,2020-07-06,0.151772,DIVIDENDO
18376,TRPL4,2020-04-16,0.228164,JRS CAP PROPRIO
18376,TRPL4,2019-12-13,0.163679,JRS CAP PROPRIO
18376,TRPL4,2019-11-08,0.445535,DIVIDENDO
18376,TRPL4,2019-11-08,0.339126,JRS CAP PROPRIO
18376,TRPL4,2019-08-02,0.562186,JRS CAP PROPRIO
18376,TRPL4,2018-12-06,0.9607165,DIVIDENDO
18376,TRPL4,2018-12-06,0.89849,JRS CAP PROPRIO
18376,TRPL4,2018-06-05,1.153932,DIVIDENDO
18376,TRPL4,2018-04-17,0.128541,DIVIDENDO
18376,TRPL4,2017-11-17,0.55457475,DIVIDENDO
18376,TRPL4,2017-06-01,0.20489225,DIVIDENDO
18376,TRPL4,2016-12-02,0.2086865,DIVIDENDO
18376,TRPL4,2016-06-21,0.16694925,DIVIDENDO
18376,TRPL4,2015-11-25,0.3474215,DIVIDENDO
18376,TRPL4,2015-05-26,0.17171875,DIVIDENDO
18376,TRPL4,2015-05-06,0.04810425,DIVIDENDO
18376,TRPL4,2014-11-24,0.255799,DIVIDENDO
18376,TRPL4,2014-08-12,0.0491285,JRS CAP PROPRIO
18376,TRPL4,2014-04-01,0.0491285,DIVIDENDO
18376,TRPL4,2013-12-23,0.327522,JRS CAP PROPRIO
18660,CPFE3,2024-04-26,2.753976596,DIVIDENDO
18660,CPFE3,2023-08-17,0.78335809,DIVIDENDO
18660,CPFE3,2023-04-28,0.867863872,DIVIDENDO
18660,CPFE3,2023-04-28,1.234365592,DIVIDENDO
18660,CPFE3,2022-04-29,1.621140258,DIVIDENDO
18660,CPFE3,2022-04-29,1.621140258,DIVIDENDO
18660,CPFE3,2021-12-09,0.697762553,DIVIDENDO
18660,CPFE3,2021-08-31,1.501834847,DIVIDENDO
18660,CPFE3,2021-04-30,1.501834847,DIVIDENDO
18660,CPFE3,2020-07-27,1.800973412,DIVIDENDO
18660,CPFE3,2019-04-30,0.480182232,DIVIDENDO
18660,CPFE3,2018-04-27,0.275259517,DIVIDENDO
18660,CPFE3,2017-01-12,0.217876793,DIVIDENDO
18660,CPFE3,2016-04-29,0.206868475,DIVIDENDO
18660,CPFE3,2014-09-04,0.43874673,DIVIDENDO
18660,CPFE3,2014-04-29,0.5900622,DIVIDENDO
20010,EQTL3,2024-04-30,0.44999346846,DIVIDENDO
20010,EQTL3,2023-04-28,0.35,DIVIDENDO
20010,EQTL3,2022-04-29,0.64,DIVIDENDO
20010,EQTL3,2021-04-30,0.72,DIVIDENDO
20010,EQTL3,2020-07-17,0.3199683,DIVIDENDO
20010,EQTL3,2019-04-30,0.19,DIVIDENDO
20010,EQTL3,2018-04-27,0.22020689999999998,DIVIDENDO
20010,EQTL3,2018-01-03,0.022,JRS CAP PROPRIO
20010,EQTL3,2017-04-27,0.12159806,DIVIDENDO
20010,EQTL3,2016-12-26,0.05600000000000001,JRS CAP PROPRIO
20010,EQTL3,2016-04-15,0.13,DIVIDENDO
20010,EQTL3,2015-12-23,0.06999999999999999,JRS CAP PROPRIO
20010,EQTL3,2015-04-17,0.09609554000000001,DIVIDENDO
20010,EQTL3,2014-12-19,0.06,JRS CAP PROPRIO
20010,EQTL3,2014-04-25,0.018,DIVIDENDO
20257,TAEE4,2024-08-15,0.10167650317,DIVIDENDO
20257,TAEE4,2024-08-15,0.11436485216,JRS CAP PROPRIO
20257,TAEE4,2024-05-13,0.14019703331,JRS CAP PROPRIO
20257,TAEE4,2024-05-03,0.37763391628,DIVIDENDO
20257,TAEE4,2024-01-03,0.22061336,DIVIDENDO
20257,TAEE4,2023-11-13,0.00394344952,DIVIDENDO
20257,TAEE4,2023-11-13,0.19398273707,JRS CAP PROPRIO
20257,TAEE4,2023-08-07,0.09404221738,DIVIDENDO
20257,TAEE4,2023-08-07,0.20923914973,JRS CAP PROPRIO
20257,TAEE4,2023-05-03,0.02520387479,DIVIDENDO
20257,TAEE4,2023-01-10,0.4450909139,DIVIDENDO
20257,TAEE4,2022-11-14,0.2001155374,JRS CAP PROPRIO
20257,TAEE4,2022-11-14,0.1097241454,DIVIDENDO
20257,TAEE4,2022-11-14,0.0436957205,DIVIDENDO
20257,TAEE4,2022-08-15,0.29879070195,DIVIDENDO
20257,TAEE4,2022-08-15,0.19151888841,JRS CAP PROPRIO
20257,TAEE4,2022-05-09,0.14224637098,DIVIDENDO
20257,TAEE4,2022-05-09,0.63210804548,DIVIDENDO
20257,TAEE4,2021-12-06,0.31058119269,DIVIDENDO
20257,TAEE4,2021-12-06,0.19546782457,JRS CAP PROPRIO
20257,TAEE4,2021-05-18,0.38855745153,DIVIDENDO
20257,TAEE4,2021-05-18,0.06289709507,JRS CAP PROPRIO
20257,TAEE4,2021-05-04,0.54373071298,DIVIDENDO
20257,TAEE4,2020-12-15,0.0524606005,JRS CAP PROPRIO
20257,TAEE4,2020-11-16,0.39745865966,DIVIDENDO
20257,TAEE4,2020-11-16,0.05652210279,JRS CAP PROPRIO
20257,TAEE4,2020-08-17,0.21339431382,DIVIDENDO
20257,TAEE4,2020-08-17,0.05685961985,JRS CAP PROPRIO
20257,TAEE4,2020-05-19,0.17459346518,DIVIDENDO
20257,TAEE4,2020-05-19,0.05929047221,JRS CAP PROPRIO
20257,TAEE4,2020-05-06,0.05976064924,DIVIDENDO
20257,TAEE4,2019-12-16,0.060138821,JRS CAP PROPRIO
20257,TAEE4,2019-11-19,0.11722944853,DIVIDENDO
20257,TAEE4,2019-11-19,0.0632674288,JRS CAP PROPRIO
20257,TAEE4,2019-08-08,0.17418779284,DIVIDENDO
20257,TAEE4,2019-08-08,0.06648124497,JRS CAP PROPRIO
20257,TAEE4,2019-05-17,0.01826082109,DIVIDENDO
20257,TAEE4,2019-05-17,0.07535134234,JRS CAP PROPRIO
20257,TAEE4,2019-05-03,0.05531699619,DIVIDENDO
20257,TAEE4,2018-12-17,0.13309187623,JRS CAP PROPRIO
20257,TAEE4,2018-11-09,0.23719027583,DIVIDENDO
20257,TAEE4,2018-08-09,0.08884848967,DIVIDENDO
20257,TAEE4,2018-08-09,0.07017442021,JRS CAP PROPRIO
20257,TAEE4,2018-05-14,0.18198578763,DIVIDENDO
20257,TAEE4,2018-05-14,0.06363142581,JRS CAP PROPRIO
20257,TAEE4,2018-05-02,0.15416153509,DIVIDENDO
20257,TAEE4,2017-12-18,0.09009747333,JRS CAP PROPRIO
20257,TAEE4,2017-11-16,0.04301808947,DIVIDENDO
20257,TAEE4,2017-11-16,0.04642804712,JRS CAP PROPRIO
20257,TAEE4,2017-08-16,0.00065332,DIVIDENDO
20257,TAEE4,2017-08-16,0.06696865,JRS CAP PROPRIO
20257,TAEE4,2017-05-22,0.09679863,DIVIDENDO
20257,TAEE4,2017-05-22,0.0755852,JRS CAP PROPRIO
20257,TAEE4,2017-05-04,0.169054874,DIVIDENDO
20257,TAEE4,2016-11-23,0.0403898207,DIVIDENDO
20257,TAEE4,2016-11-23,0.1422852726,JRS CAP PROPRIO
20257,TAEE4,2016-08-17,0.1683872073,DIVIDENDO
20257,TAEE4,2016-08-17,0.0237142207,JRS CAP PROPRIO
20257,TAEE4,2016-05-24,0.0901399372,DIVIDENDO
20257,TAEE4,2016-05-24,0.1242327332,JRS CAP PROPRIO
20257,TAEE4,2016-04-18,0.3122005636,DIVIDENDO
20257,TAEE4,2015-12-18,0.1066685164,DIVIDENDO
20257,TAEE4,2015-12-18,0.0792941788,JRS CAP PROPRIO
20257,TAEE4,2015-09-17,0.1425683439,DIVIDENDO
20257,TAEE4,2015-09-17,0.1574246234,JRS CAP PROPRIO
20257,TAEE4,2015-04-22,0.24650016605,DIVIDENDO
20257,TAEE4,2014-12-04,0.19061502179,JRS CAP PROPRIO
20257,TAEE4,2014-09-26,0.38703557725,DIVIDENDO
20257,TAEE4,2014-04-30,0.40025885,DIVIDENDO
20257,TAEE4,2013-12-12,0.20319368,DIVIDENDO
20257,TAEE4,2013-12-12,0.1838419,JRS CAP PROPRIO
14443,SBSP3,2024-04-25,1.4404,JRS CAP PROPRIO
14443,SBSP3,2023-04-28,1.276,JRS CAP PROPRIO
14443,SBSP3,2022-04-28,0.9427,JRS CAP PROPRIO
14443,SBSP3,2021-04-29,0.3979,JRS CAP PROPRIO
14443,SBSP3,2020-04-28,1.3767,JRS CAP PROPRIO
14443,SBSP3,2019-04-29,1.159,JRS CAP PROPRIO
14443,SBSP3,2018-04-27,1.0298,JRS CAP PROPRIO
14443,SBSP3,2017-04-10,1.2048,JRS CAP PROPRIO
14443,SBSP3,2016-04-05,0.2193,JRS CAP PROPRIO
14443,SBSP3,2015-04-06,0.36913009306,JRS CAP PROPRIO
14443,SBSP3,2014-04-07,0.78633094301,JRS CAP PROPRIO
16861,CASN4,2024-04-29,0.01208649637,DIVIDENDO
16861,CASN4,2023-04-28,0.02403646752,DIVIDENDO
16861,CASN4,2022-04-27,0.03832346958,DIVIDENDO
16861,CASN4,2021-04-26,0.04085020377,DIVIDENDO
16861,CASN4,2020-06-18,0.04545204,DIVIDENDO
16861,CASN4,2017-04-26,0.01254885,DIVIDENDO
16861,CASN4,2016-04-15,0.00351607,DIVIDENDO
16861,CASN4,2015-04-15,0.02463802,DIVIDENDO
16861,CASN4,2014-04-30,0.01557975,DIVIDENDO
18627,SAPR4,2024-06-28,0.152871556,JRS CAP PROPRIO
18627,SAPR4,2023-12-28,0.125236075,JRS CAP PROPRIO
18627,SAPR4,2023-06-30,0.183464015,JRS CAP PROPRIO
18627,SAPR4,2022-12-29,0.189992322,JRS CAP PROPRIO
18627,SAPR4,2022-06-30,0.105230683,JRS CAP PROPRIO
18627,SAPR4,2022-04-28,0.01207917757,DIVIDENDO
18627,SAPR4,2021-12-30,0.11927003059,JRS CAP PROPRIO
18627,SAPR4,2021-06-30,0.10309993116,JRS CAP PROPRIO
18627,SAPR4,2020-12-30,0.09945351755,JRS CAP PROPRIO
18627,SAPR4,2020-06-30,0.10282945022,JRS CAP PROPRIO
18627,SAPR4,2019-12-30,0.10662241463,JRS CAP PROPRIO
18627,SAPR4,2019-06-28,0.11885071432,JRS CAP PROPRIO
18627,SAPR4,2019-04-24,0.06667076163333334,DIVIDENDO
18627,SAPR4,2018-12-28,0.11383961499666667,JRS CAP PROPRIO
18627,SAPR4,2018-07-02,0.10870119386666667,JRS CAP PROPRIO
18627,SAPR4,2018-04-26,0.00445436022,DIVIDENDO
18627,SAPR4,2017-12-28,0.10890830263666666,JRS CAP PROPRIO
18627,SAPR4,2017-06-30,0.10884989163666665,JRS CAP PROPRIO
18627,SAPR4,2017-04-27,0.00285298328,DIVIDENDO
18627,SAPR4,2016-12-29,0.10242641902666666,JRS CAP PROPRIO
18627,SAPR4,2016-06-30,0.10486423521333334,JRS CAP PROPRIO
18627,SAPR4,2016-04-28,0.0025663105933333335,DIVIDENDO
18627,SAPR4,2015-12-30,0.07846088681666667,JRS CAP PROPRIO
18627,SAPR4,2015-06-30,0.07110515641333333,JRS CAP PROPRIO
18627,SAPR4,2015-04-28,0.023739239183333333,DIVIDENDO
18627,SAPR4,2014-12-30,0.06134295563,JRS CAP PROPRIO
18627,SAPR4,2014-06-30,0.06125687042,JRS CAP PROPRIO
18627,SAPR4,2014-04-25,0.047164103863333334,DIVIDENDO
18627,SAPR4,2013-12-30,0.05060460418333334,JRS CAP PROPRIO
19445,CSMG3,2024-09-17,0.0250218617,DIVIDENDO
19445,CSMG3,2024-09-17,0.3281733314,JRS CAP PROPRIO
19445,CSMG3,2024-06-25,0.0679025099,DIVIDENDO
19445,CSMG3,2024-06-25,0.3168070128,JRS CAP PROPRIO
19445,CSMG3,2024-04-26,0.7911779857,DIVIDENDO
19445,CSMG3,2024-03-25,0.4184033769,DIVIDENDO
19445,CSMG3,2024-03-25,0.1446045325,DIVIDENDO
19445,CSMG3,2024-03-25,0.3101305776,JRS CAP PROPRIO
19445,CSMG3,2023-12-21,0.2415894406,JRS CAP PROPRIO
19445,CSMG3,2023-12-13,0.982304999,DIVIDENDO
19445,CSMG3,2023-09-21,0.336070332,JRS CAP PROPRIO
19445,CSMG3,2023-06-21,0.3389170187,JRS CAP PROPRIO
19445,CSMG3,2023-03-22,0.6471142602,JRS CAP PROPRIO
19445,CSMG3,2023-03-22,0.3470181488,JRS CAP PROPRIO
19445,CSMG3,2022-09-20,0.1548696459,JRS CAP PROPRIO
19445,CSMG3,2022-06-21,0.1401344266,JRS CAP PROPRIO
19445,CSMG3,2022-03-22,0.0893279501,JRS CAP PROPRIO
19445,CSMG3,2021-09-24,0.151327808,DIVIDENDO
19445,CSMG3,2021-09-24,0.277656629,JRS CAP PROPRIO
19445,CSMG3,2021-06-22,0.1455079202,JRS CAP PROPRIO
19445,CSMG3,2021-03-24,0.1710101176,JRS CAP PROPRIO
19445,CSMG3,2021-03-02,0.1992197398,JRS CAP PROPRIO
19445,CSMG3,2020-11-19,2.1625531609,DIVIDENDO
19445,CSMG3,2020-09-22,0.1664745364,JRS CAP PROPRIO
19445,CSMG3,2020-06-23,0.11576540540000001,JRS CAP PROPRIO
19445,CSMG3,2020-03-25,0.22286457173333332,JRS CAP PROPRIO
19445,CSMG3,2020-03-25,0.11990518956666667,JRS CAP PROPRIO
19445,CSMG3,2019-09-24,0.13747921153333334,JRS CAP PROPRIO
19445,CSMG3,2019-06-21,0.055285241900000004,JRS CAP PROPRIO
19445,CSMG3,2019-03-26,0.13974344523333335,JRS CAP PROPRIO
19445,CSMG3,2019-03-08,0.2432379899,JRS CAP PROPRIO
19445,CSMG3,2018-09-24,0.14384102073333332,JRS CAP PROPRIO
19445,CSMG3,2018-06-25,0.13550932196666668,JRS CAP PROPRIO
19445,CSMG3,2018-05-07,0.7384327866333332,DIVIDENDO
19445,CSMG3,2018-03-26,0.2023485933,JRS CAP PROPRIO
19445,CSMG3,2018-02-27,0.1215051662,JRS CAP PROPRIO
19445,CSMG3,2017-11-17,0.31647119426666664,DIVIDENDO
19445,CSMG3,2017-09-22,0.10271096953333332,JRS CAP PROPRIO
19445,CSMG3,2017-06-21,0.09827108293333332,JRS CAP PROPRIO
19445,CSMG3,2017-03-22,0.08429366996666667,JRS CAP PROPRIO
19445,CSMG3,2017-03-16,0.09616554726666666,JRS CAP PROPRIO
19445,CSMG3,2016-11-16,0.0798773251,JRS CAP PROPRIO
19445,CSMG3,2016-08-22,0.0749091434,JRS CAP PROPRIO
19445,CSMG3,2016-05-11,0.0690498687,JRS CAP PROPRIO
19445,CSMG3,2015-11-11,0.006975907533333333,JRS CAP PROPRIO
19445,CSMG3,2015-08-11,0.0029558555666666666,JRS CAP PROPRIO
19445,CSMG3,2015-05-11,0.012839065233333334,JRS CAP PROPRIO
19445,CSMG3,2015-03-24,0.0068497196333333335,JRS CAP PROPRIO
19445,CSMG3,2014-09-22,0.09148809916666667,JRS CAP PROPRIO
19445,CSMG3,2014-06-24,0.09324551860000001,JRS CAP PROPRIO
19445,CSMG3,2014-03-24,0.09709175726666668,JRS CAP PROPRIO
19445,CSMG3,2014-02-03,0.09519989213333334,JRS CAP PROPRIO
24961,AMBP3,2023-05-15,0.13413464,DIVIDENDO
24961,AMBP3,2022-05-04,0.3031707,DIVIDENDO
24961,AMBP3,2021-04-30,0.094268,DIVIDENDO
