CD_CVM,DENOM_COMERC,TICKERS,NUM_ORDINARIAS,NUM_PREFERENCIAIS,NUM_TOTAL,FOUNDATION,SETOR,SUBSETOR,SEGMENTO
20036,BRASILAGRO CIA BRAS DE PROP AGRICOLAS,AGRO3,102683444,0,102683444,2005,Consumo não Cíclico,Agropecuária,Agricultura
20745,SLC AGRICOLA SA,SLCE3,443329716,0,443329716,1977,Consumo não Cíclico,Agropecuária,Agricultura
25704,BOA SAFRA SEMENTES S.A.,SOJA3,135322144,0,135322144,2009,Consumo não Cíclico,Agropecuária,Agricultura
25950,TRÊS TENTOS AGROINDUSTRIAL S.A.,TTEN3,498297647,0,498297647,1995,Consumo não Cíclico,Agropecuária,Agricultura
26000,TS AGRO S.A.,LAND3,96226962,0,96226962,2006,Consumo não Cíclico,Agropecuária,Agricultura
906,BANCO BRADESCO S.A.,BBDC3;BBDC4,5330304681,5311865547,10642170228,1943,Financeiro,Intermediários Financeiros,Bancos
922,BANCO DA AMAZONIA S.A.,BAZA3,56058315,0,56058315,1942,Financeiro,Intermediários Financeiros,Bancos
1023,BANCO DO BRASIL S.A.,BBAS11;BBAS12;BBAS3,5730834040,0,5730834040,1808,Financeiro,Intermediários Financeiros,Bancos
19348,ITAÚ UNIBANCO,ITUB4;ITUB3,4958290359,4845844989,9804135348,1943,Financeiro,Intermediários Financeiros,Bancos
20532,BANCO SANTANDER (BRASIL) S.A.,SANB3;SANB4;SANB11,3818695031,3679836020,7498531051,1982,Financeiro,Intermediários Financeiros,Bancos
22616,BANCO UBS PACTUAL S/A,BPAC3;BPAC5;BPAC11,7244165568,4261954360,11506119928,1983,Financeiro,Intermediários Financeiros,Bancos
5258,DROGASIL SA,RADL3,1718007200,0,1718007200,1935,Saúde,Comércio e Distribuição,Medicamentos e Outros Produtos
9342,PANVEL FARMÁCIAS,PNVL3,150377481,0,150377481,1967,Saúde,Comércio e Distribuição,Medicamentos e Outros Produtos
21431,HYPERA PHARMA S/A,HYPE3,633420823,0,633420823,2001,Saúde,Comércio e Distribuição,Medicamentos e Outros Produtos
22608,EMPREENDIMENTOS PAGUE MENOS SA,PGMN3;PGMN11,581715639,0,581715639,1981,Saúde,Comércio e Distribuição,Medicamentos e Outros Produtos
24627,BLAU FARMACÊUTICA S.A.,BLAU3,179393939,0,179393939,1987,Saúde,Comércio e Distribuição,Medicamentos e Outros Produtos
19305,BIOMM SA,BIOM3;BIOM11,126841481,0,126841481,2001,Saúde,Medicamentos e Outros Produtos,Medicamentos e Outros Produtos
23507,,OFSA3,53949006,0,53949006,1987,Saúde,Medicamentos e Outros Produtos,Medicamentos e Outros Produtos
2437,ELETROBRAS,ELET3;ELET5;ELET6,2027011498,280088314,2307099812,1962,Utilidade Pública,Energia Elétrica,Energia Elétrica
2453,CEMIG,CMIG4;CMIG3,956601911,1905179984,2861781895,1952,Utilidade Pública,Energia Elétrica,Energia Elétrica
15539,NEOENERGIA S.A.,NEOE3,1213797248,0,1213797248,1997,Utilidade Pública,Energia Elétrica,Energia Elétrica
17329,TRACTEBEL ENERGIA,EGIE3,815927740,0,815927740,1998,Utilidade Pública,Energia Elétrica,Energia Elétrica
18376,CTEEP,TRPL3;TRPL4,257937732,400945572,658883304,1999,Utilidade Pública,Energia Elétrica,Energia Elétrica
18660,CPFL ENERGIA S.A.,CPFE3,1152254440,0,1152254440,1998,Utilidade Pública,Energia Elétrica,Energia Elétrica
20010,EQUATORIAL ENERGIA S/A,EQTL3,1248075298,0,1248075298,1999,Utilidade Pública,Energia Elétrica,Energia Elétrica
20257,TRANSMISSORA ALIANÇA DE ENERGIA ELÉTRICA S.A.,TAEE11;TAEE3;TAEE4,590714069,442782652,1033496721,2006,Utilidade Pública,Energia Elétrica,Energia Elétrica
14443,SABESP,SBSP3,683509869,0,683509869,1973,Utilidade Pública,Água e Saneamento,Água e Saneamento
16861,CASAN,CASN3;CASN4,572078479,578578081,1150656560,1970,Utilidade Pública,Água e Saneamento,Água e Saneamento
18627,SANEPAR,SAPR3;SAPR4;SAPR11,503735259,1007470260,1511205519,1963,Utilidade Pública,Água e Saneamento,Água e Saneamento
19445,COPASA MG,CSMG3,380253069,0,380253069,1963,Utilidade Pública,Água e Saneamento,Água e Saneamento
24961,AMBIPAR PARTICIPAÇÕES E EMPREENDIMENTOS S.A.,AMBP3,167041869,0,167041869,1995,Utilidade Pública,Água e Saneamento,Água e Saneamento
25550,ORIZON VALORIZAÇÃO DE RESÍDUOS S.A.,ORVR3,82950889,0,82950889,2009,Utilidade Pública,Água e Saneamento,Água e Saneamento
