NOME,CD_CVM,NUM_ORDINARIAS,NUM_PREFERENCIAIS,NUM_TOTAL,FOUNDATION,TICKERS,GOVERNANCE_LEVEL,SETOR,SUBSETOR,SEGMENTO
BRASILAGRO CIA BRAS DE PROP AGRICOLAS,20036,102683444,0,102683444,2005,AGRO3,Novo Mercado,Consumo não Cíclico,Agropecuária,Agricultura
SLC AGRICOLA SA,20745,443329716,0,443329716,1977,SLCE3,Novo Mercado,Consumo não Cíclico,Agropecuária,Agricultura
BOA SAFRA SEMENTES S.A.,25704,135322144,0,135322144,2009,SOJA3,Novo Mercado,Consumo não Cíclico,Agropecuária,Agricultura
TRÊS TENTOS AGROINDUSTRIAL S.A.,25950,498297647,0,498297647,1995,TTEN3,Novo Mercado,Consumo não Cíclico,Agropecuária,Agricultura
TS AGRO S.A.,26000,96226962,0,96226962,2006,LAND3,Novo Mercado,Consumo não Cíclico,Agropecuária,Agricultura
BANCO BRADESCO S.A.,906,5330304681,5311865547,10642170228,1943,BBDC3;BBDC4,Nível 1,Financeiro,Intermediários Financeiros,Bancos
BANCO DA AMAZONIA S.A.,922,56058315,0,56058315,1942,BAZA3,Básico,Financeiro,Intermediários Financeiros,Bancos
BANCO DO BRASIL S.A.,1023,5730834040,0,5730834040,1808,BBAS3,Novo Mercado,Financeiro,Intermediários Financeiros,Bancos
ITAÚ UNIBANCO,19348,4958290359,4845844989,9804135348,1943,ITUB3;ITUB4,Nível 1,Financeiro,Intermediários Financeiros,Bancos
BANCO SANTANDER (BRASIL) S.A.,20532,3818695031,3679836020,7498531051,1982,SANB3;SANB4,Básico,Financeiro,Intermediários Financeiros,Bancos
BANCO UBS PACTUAL S/A,22616,7244165568,4261954360,11506119928,1983,BPAC3;BPAC5,Nível 2,Financeiro,Intermediários Financeiros,Bancos
DROGASIL SA,5258,1718007200,0,1718007200,1935,RADL3,Novo Mercado,Saúde,Comércio e Distribuição,Medicamentos e Outros Produtos
PANVEL FARMÁCIAS,9342,150377481,0,150377481,1967,PNVL3,Novo Mercado,Saúde,Comércio e Distribuição,Medicamentos e Outros Produtos
HYPERA PHARMA S/A,21431,633420823,0,633420823,2001,HYPE3,Novo Mercado,Saúde,Comércio e Distribuição,Medicamentos e Outros Produtos
EMPREENDIMENTOS PAGUE MENOS SA,22608,581715639,0,581715639,1981,PGMN3,Novo Mercado,Saúde,Comércio e Distribuição,Medicamentos e Outros Produtos
BLAU FARMACÊUTICA S.A.,24627,179393939,0,179393939,1987,BLAU3,Novo Mercado,Saúde,Comércio e Distribuição,Medicamentos e Outros Produtos
BIOMM SA,19305,126841481,0,126841481,2001,BIOM3,Bovespa Mais,Saúde,Medicamentos e Outros Produtos,Medicamentos e Outros Produtos
OUROFINO S.A.,23507,53949006,0,53949006,1987,OFSA3,Novo Mercado,Saúde,Medicamentos e Outros Produtos,Medicamentos e Outros Produtos
ELETROBRAS,2437,2027011498,280088314,2307099812,1962,ELET3;ELET6;ELET5,Nível 1,Utilidade Pública,Energia Elétrica,Energia Elétrica
CEMIG,2453,956601911,1905179984,2861781895,1952,CMIG3;CMIG4,Nível 1,Utilidade Pública,Energia Elétrica,Energia Elétrica
NEOENERGIA S.A.,15539,1213797248,0,1213797248,1997,NEOE3,Novo Mercado,Utilidade Pública,Energia Elétrica,Energia Elétrica
TRACTEBEL ENERGIA,17329,815927740,0,815927740,1998,EGIE3,Novo Mercado,Utilidade Pública,Energia Elétrica,Energia Elétrica
CTEEP,18376,257937732,400945572,658883304,1999,TRPL3;TRPL4,Nível 1,Utilidade Pública,Energia Elétrica,Energia Elétrica
CPFL ENERGIA S.A.,18660,1152254440,0,1152254440,1998,CPFE3,Novo Mercado,Utilidade Pública,Energia Elétrica,Energia Elétrica
EQUATORIAL ENERGIA S/A,20010,1248075298,0,1248075298,1999,EQTL3,Novo Mercado,Utilidade Pública,Energia Elétrica,Energia Elétrica
TRANSMISSORA ALIANÇA DE ENERGIA ELÉTRICA S.A.,20257,590714069,442782652,1033496721,2006,TAEE3;TAEE4,Nível 2,Utilidade Pública,Energia Elétrica,Energia Elétrica
SABESP,14443,683509869,0,683509869,1973,SBSP3,Novo Mercado,Utilidade Pública,Água e Saneamento,Água e Saneamento
CASAN,16861,572078479,578578081,1150656560,1970,CASN3;CASN4,Básico,Utilidade Pública,Água e Saneamento,Água e Saneamento
SANEPAR,18627,503735259,1007470260,1511205519,1963,SAPR3;SAPR4,Nível 2,Utilidade Pública,Água e Saneamento,Água e Saneamento
COPASA MG,19445,380253069,0,380253069,1963,CSMG3,Novo Mercado,Utilidade Pública,Água e Saneamento,Água e Saneamento
AMBIPAR PARTICIPAÇÕES E EMPREENDIMENTOS S.A.,24961,167041869,0,167041869,1995,AMBP3,Novo Mercado,Utilidade Pública,Água e Saneamento,Água e Saneamento
ORIZON VALORIZAÇÃO DE RESÍDUOS S.A.,25550,82950889,0,82950889,2009,ORVR3,Novo Mercado,Utilidade Pública,Água e Saneamento,Água e Saneamento
