CD_CVM,TICKER,DATE,VALUE,TYPE
906,BBDC4,2024-09-30,0.179570675,JRS CAP PROPRIO
906,BBDC4,2024-09-02,0.017249826,JRS CAP PROPRIO
906,BBDC4,2024-08-01,0.017249826,JRS CAP PROPRIO
906,BBDC4,2024-07-01,0.017249826,JRS CAP PROPRIO
906,BBDC4,2024-06-17,0.35914135,JRS CAP PROPRIO
906,BBDC4,2024-06-03,0.017249826,JRS CAP PROPRIO
906,BBDC4,2024-05-02,0.017249826,JRS CAP PROPRIO
906,BBDC4,2024-04-01,0.017249826,JRS CAP PROPRIO
906,BBDC4,2024-03-01,0.017249826,JRS CAP PROPRIO
906,BBDC4,2024-02-01,0.017249826,JRS CAP PROPRIO
906,BBDC4,2024-01-02,0.017249826,JRS CAP PROPRIO
906,BBDC4,2023-12-21,0.178997238,JRS CAP PROPRIO
906,BBDC4,2023-12-21,0.447314097,JRS CAP PROPRIO
906,BBDC4,2023-12-01,0.017249826,JRS CAP PROPRIO
906,BBDC4,2023-11-01,0.017249826,JRS CAP PROPRIO
906,BBDC4,2023-10-02,0.017249826,JRS CAP PROPRIO
906,BBDC4,2023-09-01,0.017249826,JRS CAP PROPRIO
906,BBDC4,2023-08-01,0.017249826,JRS CAP PROPRIO
906,BBDC4,2023-07-03,0.017249826,JRS CAP PROPRIO
906,BBDC4,2023-06-26,0.178997238,JRS CAP PROPRIO
906,BBDC4,2023-06-01,0.017249826,JRS CAP PROPRIO
906,BBDC4,2023-05-02,0.017249826,JRS CAP PROPRIO
906,BBDC4,2023-04-03,0.017249826,JRS CAP PROPRIO
906,BBDC4,2023-03-01,0.017249826,JRS CAP PROPRIO
906,BBDC4,2023-02-01,0.017249826,JRS CAP PROPRIO
906,BBDC4,2023-01-06,0.530368815,JRS CAP PROPRIO
906,BBDC4,2023-01-02,0.017249826,JRS CAP PROPRIO
906,BBDC4,2022-12-01,0.017249826,JRS CAP PROPRIO
906,BBDC4,2022-11-01,0.017249826,JRS CAP PROPRIO
906,BBDC4,2022-10-03,0.017249826,JRS CAP PROPRIO
906,BBDC4,2022-09-01,0.017249826,JRS CAP PROPRIO
906,BBDC4,2022-08-01,0.017249826,JRS CAP PROPRIO
906,BBDC4,2022-07-01,0.017249826,JRS CAP PROPRIO
906,BBDC4,2022-06-20,0.178723065,JRS CAP PROPRIO
906,BBDC4,2022-06-01,0.017249826,JRS CAP PROPRIO
906,BBDC4,2022-05-02,0.017249826,JRS CAP PROPRIO
906,BBDC4,2022-04-01,0.015681659999999997,JRS CAP PROPRIO
906,BBDC4,2022-03-02,0.015681659999999997,JRS CAP PROPRIO
906,BBDC4,2022-02-01,0.015681659999999997,JRS CAP PROPRIO
906,BBDC4,2022-01-03,0.015681659999999997,JRS CAP PROPRIO
906,BBDC4,2021-12-20,0.17872306545454544,DIVIDENDO
906,BBDC4,2021-12-20,0.01787230636363636,JRS CAP PROPRIO
906,BBDC4,2021-12-01,0.015681659999999997,JRS CAP PROPRIO
906,BBDC4,2021-11-01,0.015681659999999997,JRS CAP PROPRIO
906,BBDC4,2021-10-01,0.015681659999999997,JRS CAP PROPRIO
906,BBDC4,2021-09-01,0.015681659999999997,JRS CAP PROPRIO
906,BBDC4,2021-08-02,0.015681659999999997,JRS CAP PROPRIO
906,BBDC4,2021-07-02,0.4454611827272727,JRS CAP PROPRIO
906,BBDC4,2021-07-01,0.015681659999999997,JRS CAP PROPRIO
906,BBDC4,2021-06-01,0.015681659999999997,JRS CAP PROPRIO
906,BBDC4,2021-05-03,0.015681659999999997,JRS CAP PROPRIO
906,BBDC4,2021-04-01,0.014256054545454542,JRS CAP PROPRIO
906,BBDC4,2021-03-01,0.014256054545454542,JRS CAP PROPRIO
906,BBDC4,2021-02-17,0.016394652892561982,JRS CAP PROPRIO
906,BBDC4,2021-02-01,0.014256054545454542,JRS CAP PROPRIO
906,BBDC4,2021-01-04,0.014256054545454542,JRS CAP PROPRIO
906,BBDC4,2020-12-28,0.3120010123966942,JRS CAP PROPRIO
906,BBDC4,2020-12-01,0.014256054545454542,JRS CAP PROPRIO
906,BBDC4,2020-11-03,0.014256054545454542,JRS CAP PROPRIO
906,BBDC4,2020-10-01,0.014256054545454542,JRS CAP PROPRIO
906,BBDC4,2020-09-01,0.014256054545454542,JRS CAP PROPRIO
906,BBDC4,2020-08-03,0.014256054545454542,JRS CAP PROPRIO
906,BBDC4,2020-07-01,0.014256054545454542,JRS CAP PROPRIO
906,BBDC4,2020-06-01,0.014256054545454542,JRS CAP PROPRIO
906,BBDC4,2020-05-04,0.014256054545454542,JRS CAP PROPRIO
906,BBDC4,2020-04-01,0.012960049586776854,JRS CAP PROPRIO
906,BBDC4,2020-03-02,0.012960049586776854,JRS CAP PROPRIO
906,BBDC4,2020-02-17,0.04373701202103681,DIVIDENDO
906,BBDC4,2020-02-03,0.012960049586776854,JRS CAP PROPRIO
906,BBDC4,2020-01-02,0.012960049586776854,JRS CAP PROPRIO
906,BBDC4,2019-12-19,0.37819654395191576,JRS CAP PROPRIO
906,BBDC4,2019-12-02,0.012960049586776854,JRS CAP PROPRIO
906,BBDC4,2019-11-01,0.012960049586776854,JRS CAP PROPRIO
906,BBDC4,2019-10-17,0.7127378918106685,DIVIDENDO
906,BBDC4,2019-10-01,0.012960049586776854,JRS CAP PROPRIO
906,BBDC4,2019-09-02,0.012960049586776854,JRS CAP PROPRIO
906,BBDC4,2019-08-01,0.012960049586776854,JRS CAP PROPRIO
906,BBDC4,2019-07-01,0.012960049586776854,JRS CAP PROPRIO
906,BBDC4,2019-06-28,0.12962920435762582,JRS CAP PROPRIO
906,BBDC4,2019-06-03,0.012960049586776854,JRS CAP PROPRIO
906,BBDC4,2019-05-02,0.012960049586776854,JRS CAP PROPRIO
906,BBDC4,2019-04-01,0.010800041322314049,JRS CAP PROPRIO
906,BBDC4,2019-03-01,0.010800041322314049,JRS CAP PROPRIO
906,BBDC4,2019-02-01,0.010800041322314049,JRS CAP PROPRIO
906,BBDC4,2019-01-02,0.010800041322314049,JRS CAP PROPRIO
906,BBDC4,2018-12-21,0.41561528299524153,JRS CAP PROPRIO
906,BBDC4,2018-12-03,0.010800041322314049,JRS CAP PROPRIO
906,BBDC4,2018-11-01,0.010800041322314049,JRS CAP PROPRIO
906,BBDC4,2018-10-01,0.010800041322314049,JRS CAP PROPRIO
906,BBDC4,2018-09-03,0.010800041322314049,JRS CAP PROPRIO
906,BBDC4,2018-08-01,0.010800041322314049,JRS CAP PROPRIO
906,BBDC4,2018-07-02,0.010800041322314049,JRS CAP PROPRIO
906,BBDC4,2018-06-29,0.10797979088404706,JRS CAP PROPRIO
906,BBDC4,2018-06-01,0.010800041322314049,JRS CAP PROPRIO
906,BBDC4,2018-05-02,0.010800041322314049,JRS CAP PROPRIO
906,BBDC4,2018-04-02,0.00981821938392186,JRS CAP PROPRIO
906,BBDC4,2018-03-01,0.00981821938392186,JRS CAP PROPRIO
906,BBDC4,2018-02-01,0.00981821938392186,JRS CAP PROPRIO
906,BBDC4,2018-01-02,0.00981821938392186,JRS CAP PROPRIO
906,BBDC4,2017-12-22,0.42942457994672484,JRS CAP PROPRIO
906,BBDC4,2017-12-01,0.00981821938392186,JRS CAP PROPRIO
906,BBDC4,2017-11-01,0.00981821938392186,JRS CAP PROPRIO
906,BBDC4,2017-10-02,0.00981821938392186,JRS CAP PROPRIO
906,BBDC4,2017-09-01,0.00981821938392186,JRS CAP PROPRIO
906,BBDC4,2017-08-01,0.00981821938392186,JRS CAP PROPRIO
906,BBDC4,2017-07-03,0.00981821938392186,JRS CAP PROPRIO
906,BBDC4,2017-06-30,0.09817964449149645,JRS CAP PROPRIO
906,BBDC4,2017-06-01,0.00981821938392186,JRS CAP PROPRIO
906,BBDC4,2017-05-02,0.008925653985383508,JRS CAP PROPRIO
906,BBDC4,2017-04-03,0.008925653985383508,JRS CAP PROPRIO
906,BBDC4,2017-03-01,0.008925653985383508,JRS CAP PROPRIO
906,BBDC4,2017-02-01,0.008925653985383508,JRS CAP PROPRIO
906,BBDC4,2017-01-02,0.008925653985383508,JRS CAP PROPRIO
906,BBDC4,2016-12-21,0.13283652435149937,JRS CAP PROPRIO
906,BBDC4,2016-12-01,0.008925653985383508,JRS CAP PROPRIO
906,BBDC4,2016-11-01,0.008925653985383508,JRS CAP PROPRIO
906,BBDC4,2016-10-03,0.008925653985383508,JRS CAP PROPRIO
906,BBDC4,2016-09-30,0.2955189484490419,JRS CAP PROPRIO
906,BBDC4,2016-09-01,0.008925653985383508,JRS CAP PROPRIO
906,BBDC4,2016-08-01,0.008925653985383508,JRS CAP PROPRIO
906,BBDC4,2016-07-01,0.008925653985383508,JRS CAP PROPRIO
906,BBDC4,2016-06-22,0.08927042106744651,JRS CAP PROPRIO
906,BBDC4,2016-06-01,0.008925653985383508,JRS CAP PROPRIO
906,BBDC4,2016-05-02,0.008925653985383508,JRS CAP PROPRIO
906,BBDC4,2016-04-01,0.008114230895803189,JRS CAP PROPRIO
906,BBDC4,2016-03-01,0.008114230895803189,JRS CAP PROPRIO
906,BBDC4,2016-02-01,0.008114230895803189,JRS CAP PROPRIO
906,BBDC4,2016-01-04,0.008114230895803189,JRS CAP PROPRIO
906,BBDC4,2015-12-16,0.3611254260131788,JRS CAP PROPRIO
906,BBDC4,2015-12-01,0.008114230895803189,JRS CAP PROPRIO
906,BBDC4,2015-11-03,0.008114230895803189,JRS CAP PROPRIO
906,BBDC4,2015-10-01,0.008114230895803189,JRS CAP PROPRIO
906,BBDC4,2015-09-01,0.008114230895803189,JRS CAP PROPRIO
906,BBDC4,2015-08-03,0.008114230895803189,JRS CAP PROPRIO
906,BBDC4,2015-07-01,0.008114230895803189,JRS CAP PROPRIO
906,BBDC4,2015-06-22,0.08120385590260037,DIVIDENDO
906,BBDC4,2015-06-01,0.008114230895803189,JRS CAP PROPRIO
906,BBDC4,2015-05-04,0.008114230895803189,JRS CAP PROPRIO
906,BBDC4,2015-04-01,0.008114230895803189,JRS CAP PROPRIO
906,BBDC4,2015-03-02,0.007376573541639263,JRS CAP PROPRIO
906,BBDC4,2015-02-09,0.056115733603804126,DIVIDENDO
906,BBDC4,2015-02-02,0.007376573541639263,JRS CAP PROPRIO
906,BBDC4,2015-01-02,0.007376573541639263,JRS CAP PROPRIO
906,BBDC4,2014-12-22,0.23140522523481943,JRS CAP PROPRIO
906,BBDC4,2014-12-01,0.007376573541639263,JRS CAP PROPRIO
906,BBDC4,2014-11-03,0.007376573541639263,JRS CAP PROPRIO
906,BBDC4,2014-10-01,0.007376573541639263,JRS CAP PROPRIO
906,BBDC4,2014-09-01,0.007376573541639263,JRS CAP PROPRIO
906,BBDC4,2014-08-01,0.007376573541639263,JRS CAP PROPRIO
906,BBDC4,2014-07-01,0.007376573541639263,JRS CAP PROPRIO
906,BBDC4,2014-06-24,0.07377415352587034,DIVIDENDO
906,BBDC4,2014-06-02,0.007376573541639263,JRS CAP PROPRIO
906,BBDC4,2014-05-02,0.007376573541639263,JRS CAP PROPRIO
906,BBDC4,2014-04-01,0.007376573541639263,JRS CAP PROPRIO
906,BBDC4,2014-03-05,0.007376573541639263,JRS CAP PROPRIO
906,BBDC4,2014-02-10,0.07597924662988674,DIVIDENDO
906,BBDC4,2014-02-03,0.007376573541639263,JRS CAP PROPRIO
906,BBDC4,2014-01-02,0.007376573541639263,JRS CAP PROPRIO
906,BBDC4,2013-12-23,0.1264486396303724,JRS CAP PROPRIO
906,BBDC4,2013-12-02,0.007376573541639263,JRS CAP PROPRIO
906,BBDC4,2013-11-01,0.007376573541639263,JRS CAP PROPRIO
906,BBDC4,2013-10-01,0.007376573541639263,JRS CAP PROPRIO
906,BBDC4,2013-09-02,0.007376573541639263,JRS CAP PROPRIO
906,BBDC4,2013-08-01,0.007376573541639263,JRS CAP PROPRIO
906,BBDC4,2013-07-01,0.007376573541639263,JRS CAP PROPRIO
906,BBDC4,2013-06-27,0.07379460120199077,JRS CAP PROPRIO
906,BBDC4,2013-06-03,0.007376573541639263,JRS CAP PROPRIO
906,BBDC4,2013-05-02,0.007376573541639263,JRS CAP PROPRIO
906,BBDC4,2013-04-01,0.007376573541639263,JRS CAP PROPRIO
906,BBDC4,2013-03-01,0.007376573541639263,JRS CAP PROPRIO
906,BBDC4,2013-02-05,0.02606209729097043,DIVIDENDO
906,BBDC4,2013-02-01,0.007376573541639263,JRS CAP PROPRIO
906,BBDC4,2013-01-02,0.007376573541639263,JRS CAP PROPRIO
906,BBDC4,2012-12-21,0.2009204719579072,JRS CAP PROPRIO
906,BBDC4,2012-12-03,0.007376573541639263,JRS CAP PROPRIO
906,BBDC4,2012-11-01,0.007376573541639263,JRS CAP PROPRIO
906,BBDC4,2012-10-01,0.007376573541639263,JRS CAP PROPRIO
906,BBDC4,2012-09-03,0.007376573541639263,JRS CAP PROPRIO
906,BBDC4,2012-08-01,0.007376573541639263,JRS CAP PROPRIO
906,BBDC4,2012-07-02,0.007376573541639263,JRS CAP PROPRIO
1023,BBAS3,2024-09-11,0.18660197784,JRS CAP PROPRIO
1023,BBAS3,2024-08-21,0.15186078881,DIVIDENDO
1023,BBAS3,2024-08-21,0.3144814886,JRS CAP PROPRIO
1023,BBAS3,2024-08-21,0.00270692373,RENDIMENTO
1023,BBAS3,2024-08-21,0.00560564324,RENDIMENTO
1023,BBAS3,2024-06-13,0.2042404444,JRS CAP PROPRIO
1023,BBAS3,2024-06-11,0.16478568141,DIVIDENDO
1023,BBAS3,2024-06-11,0.29316146583,JRS CAP PROPRIO
1023,BBAS3,2024-03-11,0.205018366415,JRS CAP PROPRIO
1023,BBAS3,2024-02-21,0.110409313035,DIVIDENDO
1023,BBAS3,2024-02-21,0.30681812811,JRS CAP PROPRIO
1023,BBAS3,2024-02-21,0.001961354025,RENDIMENTO
1023,BBAS3,2024-02-21,0.00545043668,RENDIMENTO
1023,BBAS3,2023-12-11,0.171153235115,JRS CAP PROPRIO
1023,BBAS3,2023-11-21,0.0509943037,DIVIDENDO
1023,BBAS3,2023-11-21,0.343111012755,JRS CAP PROPRIO
1023,BBAS3,2023-09-11,0.167098607185,JRS CAP PROPRIO
1023,BBAS3,2023-08-21,0.07186082346,DIVIDENDO
1023,BBAS3,2023-08-21,0.327327570985,JRS CAP PROPRIO
1023,BBAS3,2023-08-21,0.001561792895,RENDIMENTO
1023,BBAS3,2023-08-21,0.00711399969,RENDIMENTO
1023,BBAS3,2023-06-12,0.169315669745,JRS CAP PROPRIO
1023,BBAS3,2023-06-01,0.061503961995,DIVIDENDO
1023,BBAS3,2023-06-01,0.327209959145,JRS CAP PROPRIO
1023,BBAS3,2023-03-13,0.17601848623,JRS CAP PROPRIO
1023,BBAS3,2023-02-23,0.11774569565,DIVIDENDO
1023,BBAS3,2023-02-23,0.286765904135,JRS CAP PROPRIO
1023,BBAS3,2023-02-23,0.00259904627,RENDIMENTO
1023,BBAS3,2023-02-23,0.006329894685,RENDIMENTO
1023,BBAS3,2022-12-12,0.17276258368,JRS CAP PROPRIO
1023,BBAS3,2022-11-21,0.085103045185,DIVIDENDO
1023,BBAS3,2022-11-21,0.317238825465,JRS CAP PROPRIO
1023,BBAS3,2022-09-12,0.1368677562,JRS CAP PROPRIO
1023,BBAS3,2022-08-22,0.100094499095,DIVIDENDO
1023,BBAS3,2022-08-22,0.28533923344,JRS CAP PROPRIO
1023,BBAS3,2022-08-22,0.00221660856,RENDIMENTO
1023,BBAS3,2022-08-22,0.006318882585,RENDIMENTO
1023,BBAS3,2022-06-13,0.125142512055,JRS CAP PROPRIO
1023,BBAS3,2022-05-23,0.07767352743,DIVIDENDO
1023,BBAS3,2022-05-23,0.258862033005,JRS CAP PROPRIO
1023,BBAS3,2022-03-14,0.10531438425,JRS CAP PROPRIO
1023,BBAS3,2022-03-02,0.177911299905,DIVIDENDO
1023,BBAS3,2022-03-02,0.22710279458,JRS CAP PROPRIO
1023,BBAS3,2022-03-02,0.003227177385,RENDIMENTO
1023,BBAS3,2022-03-02,0.004119474165,RENDIMENTO
1023,BBAS3,2021-12-13,0.0874956379,JRS CAP PROPRIO
1023,BBAS3,2021-11-22,0.19685157435,JRS CAP PROPRIO
1023,BBAS3,2021-09-13,0.092369824125,JRS CAP PROPRIO
1023,BBAS3,2021-08-23,0.172794436355,JRS CAP PROPRIO
1023,BBAS3,2021-08-23,0.00134998851,RENDIMENTO
1023,BBAS3,2021-06-11,0.08425951042,JRS CAP PROPRIO
1023,BBAS3,2021-05-21,0.037167353545,DIVIDENDO
1023,BBAS3,2021-05-21,0.17005568997,JRS CAP PROPRIO
1023,BBAS3,2021-03-11,0.0728571301,JRS CAP PROPRIO
1023,BBAS3,2021-02-22,0.21726548617,JRS CAP PROPRIO
1023,BBAS3,2021-02-22,0.00066632476,RENDIMENTO
1023,BBAS3,2020-12-11,0.05849235001,JRS CAP PROPRIO
1023,BBAS3,2020-11-16,0.097386870135,JRS CAP PROPRIO
1023,BBAS3,2020-09-11,0.051431409355,JRS CAP PROPRIO
1023,BBAS3,2020-08-21,0.220309910115,JRS CAP PROPRIO
1023,BBAS3,2020-08-21,0.000783252685,RENDIMENTO
1023,BBAS3,2020-03-11,0.09071026372,JRS CAP PROPRIO
1023,BBAS3,2020-02-21,0.217834845995,JRS CAP PROPRIO
1023,BBAS3,2020-02-21,0.001606367055,RENDIMENTO
1023,BBAS3,2019-12-11,0.088087001445,JRS CAP PROPRIO
1023,BBAS3,2019-11-21,0.18252107073,JRS CAP PROPRIO
1023,BBAS3,2019-09-11,0.116477887395,JRS CAP PROPRIO
1023,BBAS3,2019-08-21,0.22070657562,JRS CAP PROPRIO
1023,BBAS3,2019-08-21,0.002370947095,RENDIMENTO
1023,BBAS3,2019-06-11,0.085527244205,JRS CAP PROPRIO
1023,BBAS3,2019-05-21,0.207419362875,JRS CAP PROPRIO
1023,BBAS3,2019-03-11,0.078062262335,JRS CAP PROPRIO
1023,BBAS3,2019-02-21,0.29268412831,JRS CAP PROPRIO
1023,BBAS3,2019-02-21,0.003260273075,RENDIMENTO
1023,BBAS3,2018-12-11,0.062835332975,JRS CAP PROPRIO
1023,BBAS3,2018-11-21,0.20844680493,JRS CAP PROPRIO
1023,BBAS3,2018-09-11,0.042745893755,JRS CAP PROPRIO
1023,BBAS3,2018-08-21,0.13334565397,JRS CAP PROPRIO
1023,BBAS3,2018-08-21,0.001485366655,RENDIMENTO
1023,BBAS3,2018-06-11,0.038601657865,JRS CAP PROPRIO
1023,BBAS3,2018-05-21,0.10697743072,JRS CAP PROPRIO
1023,BBAS3,2018-03-12,0.040855048505,JRS CAP PROPRIO
1023,BBAS3,2018-03-01,0.121306747865,JRS CAP PROPRIO
1023,BBAS3,2018-03-01,0.001528730975,RENDIMENTO
1023,BBAS3,2017-12-11,0.04129860855,JRS CAP PROPRIO
1023,BBAS3,2017-11-21,0.11161831221,JRS CAP PROPRIO
1023,BBAS3,2017-09-11,0.03814616394,JRS CAP PROPRIO
1023,BBAS3,2017-08-21,0.10053277377,JRS CAP PROPRIO
1023,BBAS3,2017-08-21,0.00161887116,RENDIMENTO
1023,BBAS3,2017-06-12,0.039286746915,JRS CAP PROPRIO
1023,BBAS3,2017-05-22,0.091469589845,JRS CAP PROPRIO
1023,BBAS3,2017-03-13,0.036057723735,JRS CAP PROPRIO
1023,BBAS3,2017-03-01,0.012657710785,JRS CAP PROPRIO
1023,BBAS3,2017-03-01,0.000295915845,RENDIMENTO
1023,BBAS3,2016-12-12,0.03846579667,JRS CAP PROPRIO
1023,BBAS3,2016-11-21,0.05493534111,JRS CAP PROPRIO
1023,BBAS3,2016-09-12,0.063326035965,JRS CAP PROPRIO
1023,BBAS3,2016-08-22,0.06838410772,JRS CAP PROPRIO
1023,BBAS3,2016-08-22,0.001598589265,RENDIMENTO
1023,BBAS3,2016-06-13,0.068877560605,JRS CAP PROPRIO
1023,BBAS3,2016-05-23,0.066841385375,JRS CAP PROPRIO
1023,BBAS3,2016-03-11,0.049142494485,JRS CAP PROPRIO
1023,BBAS3,2016-03-02,0.04415670931,JRS CAP PROPRIO
1023,BBAS3,2016-03-02,0.001127262255,RENDIMENTO
1023,BBAS3,2015-12-11,0.137245436555,JRS CAP PROPRIO
1023,BBAS3,2015-11-23,0.085402384325,JRS CAP PROPRIO
1023,BBAS3,2015-09-11,0.13303901304,JRS CAP PROPRIO
1023,BBAS3,2015-08-21,0.006988169115,DIVIDENDO
1023,BBAS3,2015-08-21,0.000164374715,RENDIMENTO
1023,BBAS3,2015-08-21,0.062164286475,JRS CAP PROPRIO
1023,BBAS3,2015-08-21,0.001462219475,RENDIMENTO
1023,BBAS3,2015-06-11,0.14494674797,JRS CAP PROPRIO
1023,BBAS3,2015-05-21,0.22556878275,DIVIDENDO
1023,BBAS3,2015-03-23,0.188496223925,JRS CAP PROPRIO
1023,BBAS3,2015-02-19,0.04493246944,DIVIDENDO
1023,BBAS3,2015-02-19,0.000792326625,RENDIMENTO
1023,BBAS3,2014-12-11,0.16997424493,JRS CAP PROPRIO
1023,BBAS3,2014-11-14,0.02785881675,DIVIDENDO
1023,BBAS3,2014-09-11,0.16826088437,JRS CAP PROPRIO
1023,BBAS3,2014-08-19,0.038684880095,DIVIDENDO
1023,BBAS3,2014-08-19,0.00070519642,RENDIMENTO
1023,BBAS3,2014-06-11,0.160520443685,JRS CAP PROPRIO
1023,BBAS3,2014-05-19,0.0406087088,DIVIDENDO
1023,BBAS3,2014-03-11,0.15733791346,JRS CAP PROPRIO
1023,BBAS3,2014-02-13,0.065111594445,DIVIDENDO
1023,BBAS3,2014-02-13,0.00096563243,RENDIMENTO
1023,BBAS3,2013-12-11,0.15482922924,JRS CAP PROPRIO
1023,BBAS3,2013-11-21,0.033307368575,DIVIDENDO
1023,BBAS3,2013-09-11,0.15688548541,JRS CAP PROPRIO
1023,BBAS3,2013-08-22,0.384916345165,DIVIDENDO
1023,BBAS3,2013-08-22,0.005519638475,RENDIMENTO
1023,BBAS3,2013-06-11,0.140991157255,JRS CAP PROPRIO
1023,BBAS3,2013-05-21,0.049105073965,DIVIDENDO
1023,BBAS3,2013-03-11,0.132463897435,JRS CAP PROPRIO
1023,BBAS3,2013-03-01,0.129028722505,DIVIDENDO
1023,BBAS3,2013-03-01,0.001450862755,RENDIMENTO
1023,BBAS3,2012-12-12,0.148588283215,JRS CAP PROPRIO
1023,BBAS3,2012-11-16,0.053465939705,DIVIDENDO
1023,BBAS3,2012-09-11,0.142910352365,JRS CAP PROPRIO
1023,BBAS3,2012-08-21,0.061187185625,DIVIDENDO
1023,BBAS3,2012-08-21,0.00069630605,RENDIMENTO
1023,BBAS3,2012-06-21,0.148377744285,JRS CAP PROPRIO
1023,BBAS3,2012-05-10,0.03165480623,DIVIDENDO
1023,BBAS3,2012-03-22,0.146639263615,JRS CAP PROPRIO
1023,BBAS3,2012-02-17,0.07722516511,DIVIDENDO
1023,BBAS3,2012-02-17,0.00108821397,RENDIMENTO
1023,BBAS3,2011-12-21,0.13870695387,JRS CAP PROPRIO
1023,BBAS3,2011-11-17,0.06294263333,DIVIDENDO
1023,BBAS3,2011-09-21,0.139090490285,JRS CAP PROPRIO
1023,BBAS3,2011-08-18,0.10405073262,DIVIDENDO
1023,BBAS3,2011-08-18,0.00169168108,RENDIMENTO
1023,BBAS3,2011-06-21,0.12875731564,JRS CAP PROPRIO
1023,BBAS3,2011-05-19,0.07848077438,DIVIDENDO
1023,BBAS3,2011-03-22,0.126527319015,JRS CAP PROPRIO
1023,BBAS3,2011-02-21,0.160345490425,DIVIDENDO
1023,BBAS3,2011-02-21,0.002402317025,RENDIMENTO
1023,BBAS3,2010-12-22,0.11986240367,JRS CAP PROPRIO
1023,BBAS3,2010-11-22,0.065712216595,DIVIDENDO
1023,BBAS3,2010-09-22,0.117790874935,JRS CAP PROPRIO
1023,BBAS3,2010-08-18,0.098713553405,DIVIDENDO
1023,BBAS3,2010-08-18,0.00136976983,RENDIMENTO
1023,BBAS3,2010-05-24,0.102263422275,JRS CAP PROPRIO
1023,BBAS3,2010-05-21,0.08645618711,DIVIDENDO
1023,BBAS3,2010-03-24,0.1008590111,JRS CAP PROPRIO
1023,BBAS3,2010-02-25,0.23058035285,DIVIDENDO
1023,BBAS3,2010-02-25,0.002825785425,RENDIMENTO
1023,BBAS3,2009-12-21,0.093100949965,JRS CAP PROPRIO
1023,BBAS3,2009-11-12,0.061448689405,DIVIDENDO
1023,BBAS3,2009-09-21,0.092698660975,JRS CAP PROPRIO
1023,BBAS3,2009-08-13,0.094096235865,DIVIDENDO
1023,BBAS3,2009-08-13,0.001026676635,RENDIMENTO
1023,BBAS3,2009-06-22,0.088845155945,JRS CAP PROPRIO
1023,BBAS3,2009-05-14,0.04255386399,DIVIDENDO
1023,BBAS3,2009-03-23,0.08720513672,JRS CAP PROPRIO
1023,BBAS3,2009-02-19,0.14956695626,DIVIDENDO
1023,BBAS3,2009-02-19,0.00264874912,RENDIMENTO
1023,BBAS3,2008-12-22,0.079980973475,JRS CAP PROPRIO
1023,BBAS3,2008-11-13,0.06703296653,DIVIDENDO
1023,BBAS3,2008-09-23,0.07983890775,JRS CAP PROPRIO
1023,BBAS3,2008-08-15,0.05796205839,DIVIDENDO
18376,TRPL4,2023-12-13,0.24283600002,JRS CAP PROPRIO
18376,TRPL4,2023-12-13,1.96124699998,JRS CAP PROPRIO
18376,TRPL4,2022-12-26,1.062404,JRS CAP PROPRIO
18376,TRPL4,2021-12-22,0.173896,JRS CAP PROPRIO
18376,TRPL4,2021-11-03,0.529386,DIVIDENDO
18376,TRPL4,2021-11-03,0.780915,JRS CAP PROPRIO
18376,TRPL4,2021-07-06,0.502542,DIVIDENDO
18376,TRPL4,2021-03-30,0.795967,DIVIDENDO
18376,TRPL4,2021-02-25,0.806156,DIVIDENDO
18376,TRPL4,2020-12-16,0.176055,DIVIDENDO
18376,TRPL4,2020-12-16,0.661494,JRS CAP PROPRIO
18376,TRPL4,2020-11-04,0.522095,DIVIDENDO
18376,TRPL4,2020-07-06,0.151772,DIVIDENDO
18376,TRPL4,2020-04-16,0.228164,JRS CAP PROPRIO
18376,TRPL4,2019-12-13,0.163679,JRS CAP PROPRIO
18376,TRPL4,2019-11-08,0.445535,DIVIDENDO
18376,TRPL4,2019-11-08,0.339126,JRS CAP PROPRIO
18376,TRPL4,2019-08-02,0.562186,JRS CAP PROPRIO
18376,TRPL4,2018-12-06,0.9607165,DIVIDENDO
18376,TRPL4,2018-12-06,0.89849,JRS CAP PROPRIO
18376,TRPL4,2018-06-05,1.153932,DIVIDENDO
18376,TRPL4,2018-04-17,0.128541,DIVIDENDO
18376,TRPL4,2017-11-17,0.55457475,DIVIDENDO
18376,TRPL4,2017-06-01,0.20489225,DIVIDENDO
18376,TRPL4,2016-12-02,0.2086865,DIVIDENDO
18376,TRPL4,2016-06-21,0.16694925,DIVIDENDO
18376,TRPL4,2015-11-25,0.3474215,DIVIDENDO
18376,TRPL4,2015-05-26,0.17171875,DIVIDENDO
18376,TRPL4,2015-05-06,0.04810425,DIVIDENDO
18376,TRPL4,2014-11-24,0.255799,DIVIDENDO
18376,TRPL4,2014-08-12,0.0491285,JRS CAP PROPRIO
18376,TRPL4,2014-04-01,0.0491285,DIVIDENDO
18376,TRPL4,2013-12-23,0.327522,JRS CAP PROPRIO
18376,TRPL4,2012-06-29,0.104725,JRS CAP PROPRIO
18376,TRPL4,2012-06-29,0.15893025,DIVIDENDO
18376,TRPL4,2012-04-16,0.08242375,DIVIDENDO
18376,TRPL4,2012-04-16,0.104725,JRS CAP PROPRIO
18376,TRPL4,2012-04-16,0.05133725,DIVIDENDO
18376,TRPL4,2012-01-16,0.105066,JRS CAP PROPRIO
18376,TRPL4,2012-01-16,0.27813475,DIVIDENDO
18376,TRPL4,2011-10-10,0.28448375,DIVIDENDO
18376,TRPL4,2011-10-10,0.10081825,JRS CAP PROPRIO
18376,TRPL4,2011-07-06,0.26431875,DIVIDENDO
18376,TRPL4,2011-07-06,0.10449375,JRS CAP PROPRIO
18376,TRPL4,2011-04-29,0.02752175,DIVIDENDO
18376,TRPL4,2011-04-06,0.2985385,DIVIDENDO
18376,TRPL4,2011-04-06,0.108169,JRS CAP PROPRIO
18376,TRPL4,2011-01-14,0.184538,DIVIDENDO
18376,TRPL4,2011-01-14,0.10377975,JRS CAP PROPRIO
18376,TRPL4,2010-10-07,0.24086325,DIVIDENDO
18376,TRPL4,2010-10-07,0.1049205,JRS CAP PROPRIO
18376,TRPL4,2010-07-07,0.104841,DIVIDENDO
18376,TRPL4,2010-07-07,0.103613,JRS CAP PROPRIO
18376,TRPL4,2010-05-04,0.12728575,DIVIDENDO
18376,TRPL4,2010-04-08,0.215689,DIVIDENDO
18376,TRPL4,2010-04-08,0.1027505,JRS CAP PROPRIO
18376,TRPL4,2010-01-11,0.267164,DIVIDENDO
18376,TRPL4,2009-12-15,0.1018555,JRS CAP PROPRIO
18376,TRPL4,2009-10-06,0.17165625,DIVIDENDO
18376,TRPL4,2009-10-06,0.102975,JRS CAP PROPRIO
18376,TRPL4,2009-07-06,0.10188925,DIVIDENDO
18376,TRPL4,2009-06-22,0.10707425,JRS CAP PROPRIO
18376,TRPL4,2009-04-15,0.17732975,DIVIDENDO
18376,TRPL4,2009-04-13,0.1058975,JRS CAP PROPRIO
18376,TRPL4,2009-01-12,0.2051445,DIVIDENDO
18376,TRPL4,2008-12-12,0.0999225,JRS CAP PROPRIO
18376,TRPL4,2008-10-09,0.101129,JRS CAP PROPRIO
18376,TRPL4,2008-10-09,0.09145575,DIVIDENDO
18376,TRPL4,2008-07-08,0.24282425,DIVIDENDO
18376,TRPL4,2008-07-08,0.097651,JRS CAP PROPRIO
18376,TRPL4,2008-04-10,0.1122015,DIVIDENDO
18376,TRPL4,2008-03-31,0.10304275,JRS CAP PROPRIO
18376,TRPL4,2008-01-21,0.2846905,DIVIDENDO
18376,TRPL4,2007-12-13,0.0655165,JRS CAP PROPRIO
18376,TRPL4,2007-11-05,0.33428475,JRS CAP PROPRIO
18376,TRPL4,2007-10-01,0.29057075,DIVIDENDO
18376,TRPL4,2007-07-10,0.40232925,DIVIDENDO
18376,TRPL4,2007-03-19,0.10148125,DIVIDENDO
18376,TRPL4,2007-03-19,0.14234525,DIVIDENDO
18376,TRPL4,2006-05-25,0.04551175,JRS CAP PROPRIO
18376,TRPL4,2006-05-25,0.04551175,JRS CAP PROPRIO
18376,TRPL4,2006-04-20,0.16294325,DIVIDENDO
18376,TRPL4,2005-12-28,0.15071825,JRS CAP PROPRIO
18376,TRPL4,2005-09-22,0.1590915,JRS CAP PROPRIO
18376,TRPL4,2005-06-23,0.09102375,JRS CAP PROPRIO
18376,TRPL4,2004-12-02,0.0800865,JRS CAP PROPRIO
18376,TRPL4,2004-05-20,0.045511925,JRS CAP PROPRIO
18376,TRPL4,2003-09-18,0.132044375,JRS CAP PROPRIO
18376,TRPL4,2003-05-22,0.114545975,JRS CAP PROPRIO
18376,TRPL4,2003-04-25,0.021405475,DIVIDENDO
18376,TRPL4,2002-12-26,0.08373225,JRS CAP PROPRIO
18376,TRPL4,2002-10-03,0.05358875,JRS CAP PROPRIO
18376,TRPL4,2002-07-04,0.091022,JRS CAP PROPRIO
18376,TRPL4,2002-04-26,0.05478345,DIVIDENDO
18376,TRPL4,2001-12-18,0.020359375,JRS CAP PROPRIO
18376,TRPL4,2001-07-05,0.05336275,JRS CAP PROPRIO
18376,TRPL4,2001-04-24,0.0159705,DIVIDENDO
18376,TRPL4,2000-12-21,0.05336275,JRS CAP PROPRIO
18376,TRPL4,2023-12-13,0.24283600002,JRS CAP PROPRIO
18376,TRPL4,2023-12-13,1.96124699998,JRS CAP PROPRIO
18376,TRPL4,2022-12-26,1.062404,JRS CAP PROPRIO
18376,TRPL4,2021-12-22,0.173896,JRS CAP PROPRIO
18376,TRPL4,2021-11-03,0.529386,DIVIDENDO
18376,TRPL4,2021-11-03,0.780915,JRS CAP PROPRIO
18376,TRPL4,2021-07-06,0.502542,DIVIDENDO
18376,TRPL4,2021-03-30,0.795967,DIVIDENDO
18376,TRPL4,2021-02-25,0.806156,DIVIDENDO
18376,TRPL4,2020-12-16,0.176055,DIVIDENDO
18376,TRPL4,2020-12-16,0.661494,JRS CAP PROPRIO
18376,TRPL4,2020-11-04,0.522095,DIVIDENDO
18376,TRPL4,2020-07-06,0.151772,DIVIDENDO
18376,TRPL4,2020-04-16,0.228164,JRS CAP PROPRIO
18376,TRPL4,2019-12-13,0.163679,JRS CAP PROPRIO
18376,TRPL4,2019-11-08,0.445535,DIVIDENDO
18376,TRPL4,2019-11-08,0.339126,JRS CAP PROPRIO
18376,TRPL4,2019-08-02,0.562186,JRS CAP PROPRIO
18376,TRPL4,2018-12-06,0.9607165,DIVIDENDO
18376,TRPL4,2018-12-06,0.89849,JRS CAP PROPRIO
18376,TRPL4,2018-06-05,1.153932,DIVIDENDO
18376,TRPL4,2018-04-17,0.128541,DIVIDENDO
18376,TRPL4,2017-11-17,0.55457475,DIVIDENDO
18376,TRPL4,2017-06-01,0.20489225,DIVIDENDO
18376,TRPL4,2016-12-02,0.2086865,DIVIDENDO
18376,TRPL4,2016-06-21,0.16694925,DIVIDENDO
18376,TRPL4,2015-11-25,0.3474215,DIVIDENDO
18376,TRPL4,2015-05-26,0.17171875,DIVIDENDO
18376,TRPL4,2015-05-06,0.04810425,DIVIDENDO
18376,TRPL4,2014-11-24,0.255799,DIVIDENDO
18376,TRPL4,2014-08-12,0.0491285,JRS CAP PROPRIO
18376,TRPL4,2014-04-01,0.0491285,DIVIDENDO
18376,TRPL4,2013-12-23,0.327522,JRS CAP PROPRIO
18376,TRPL4,2012-06-29,0.104725,JRS CAP PROPRIO
18376,TRPL4,2012-06-29,0.15893025,DIVIDENDO
18376,TRPL4,2012-04-16,0.08242375,DIVIDENDO
18376,TRPL4,2012-04-16,0.104725,JRS CAP PROPRIO
18376,TRPL4,2012-04-16,0.05133725,DIVIDENDO
18376,TRPL4,2012-01-16,0.105066,JRS CAP PROPRIO
18376,TRPL4,2012-01-16,0.27813475,DIVIDENDO
18376,TRPL4,2011-10-10,0.28448375,DIVIDENDO
18376,TRPL4,2011-10-10,0.10081825,JRS CAP PROPRIO
18376,TRPL4,2011-07-06,0.26431875,DIVIDENDO
18376,TRPL4,2011-07-06,0.10449375,JRS CAP PROPRIO
18376,TRPL4,2011-04-29,0.02752175,DIVIDENDO
18376,TRPL4,2011-04-06,0.2985385,DIVIDENDO
18376,TRPL4,2011-04-06,0.108169,JRS CAP PROPRIO
18376,TRPL4,2011-01-14,0.184538,DIVIDENDO
18376,TRPL4,2011-01-14,0.10377975,JRS CAP PROPRIO
18376,TRPL4,2010-10-07,0.24086325,DIVIDENDO
18376,TRPL4,2010-10-07,0.1049205,JRS CAP PROPRIO
18376,TRPL4,2010-07-07,0.104841,DIVIDENDO
18376,TRPL4,2010-07-07,0.103613,JRS CAP PROPRIO
18376,TRPL4,2010-05-04,0.12728575,DIVIDENDO
18376,TRPL4,2010-04-08,0.215689,DIVIDENDO
18376,TRPL4,2010-04-08,0.1027505,JRS CAP PROPRIO
18376,TRPL4,2010-01-11,0.267164,DIVIDENDO
18376,TRPL4,2009-12-15,0.1018555,JRS CAP PROPRIO
18376,TRPL4,2009-10-06,0.17165625,DIVIDENDO
18376,TRPL4,2009-10-06,0.102975,JRS CAP PROPRIO
18376,TRPL4,2009-07-06,0.10188925,DIVIDENDO
18376,TRPL4,2009-06-22,0.10707425,JRS CAP PROPRIO
18376,TRPL4,2009-04-15,0.17732975,DIVIDENDO
18376,TRPL4,2009-04-13,0.1058975,JRS CAP PROPRIO
18376,TRPL4,2009-01-12,0.2051445,DIVIDENDO
18376,TRPL4,2008-12-12,0.0999225,JRS CAP PROPRIO
18376,TRPL4,2008-10-09,0.101129,JRS CAP PROPRIO
18376,TRPL4,2008-10-09,0.09145575,DIVIDENDO
18376,TRPL4,2008-07-08,0.24282425,DIVIDENDO
18376,TRPL4,2008-07-08,0.097651,JRS CAP PROPRIO
18376,TRPL4,2008-04-10,0.1122015,DIVIDENDO
18376,TRPL4,2008-03-31,0.10304275,JRS CAP PROPRIO
18376,TRPL4,2008-01-21,0.2846905,DIVIDENDO
18376,TRPL4,2007-12-13,0.0655165,JRS CAP PROPRIO
18376,TRPL4,2007-11-05,0.33428475,JRS CAP PROPRIO
18376,TRPL4,2007-10-01,0.29057075,DIVIDENDO
18376,TRPL4,2007-07-10,0.40232925,DIVIDENDO
18376,TRPL4,2007-03-19,0.10148125,DIVIDENDO
18376,TRPL4,2007-03-19,0.14234525,DIVIDENDO
18376,TRPL4,2006-05-25,0.04551175,JRS CAP PROPRIO
18376,TRPL4,2006-05-25,0.04551175,JRS CAP PROPRIO
18376,TRPL4,2006-04-20,0.16294325,DIVIDENDO
19348,ITUB4,2024-09-30,0.01765,JRS CAP PROPRIO
19348,ITUB4,2024-09-19,0.27298,JRS CAP PROPRIO
19348,ITUB4,2024-08-30,0.01765,JRS CAP PROPRIO
19348,ITUB4,2024-07-31,0.01765,JRS CAP PROPRIO
19348,ITUB4,2024-06-28,0.01765,JRS CAP PROPRIO
19348,ITUB4,2024-06-20,0.251,JRS CAP PROPRIO
19348,ITUB4,2024-05-31,0.01765,JRS CAP PROPRIO
19348,ITUB4,2024-04-30,0.01765,JRS CAP PROPRIO
19348,ITUB4,2024-03-28,0.01765,JRS CAP PROPRIO
19348,ITUB4,2024-03-21,0.2418,JRS CAP PROPRIO
19348,ITUB4,2024-02-29,0.01765,JRS CAP PROPRIO
19348,ITUB4,2024-02-21,1.125125,DIVIDENDO
19348,ITUB4,2024-01-31,0.01765,JRS CAP PROPRIO
19348,ITUB4,2023-12-28,0.01765,JRS CAP PROPRIO
19348,ITUB4,2023-12-06,0.24724,JRS CAP PROPRIO
19348,ITUB4,2023-11-30,0.01765,JRS CAP PROPRIO
19348,ITUB4,2023-10-31,0.01765,JRS CAP PROPRIO
19348,ITUB4,2023-09-29,0.01765,JRS CAP PROPRIO
19348,ITUB4,2023-09-18,0.2693,JRS CAP PROPRIO
19348,ITUB4,2023-08-31,0.01765,JRS CAP PROPRIO
19348,ITUB4,2023-07-31,0.01765,JRS CAP PROPRIO
19348,ITUB4,2023-06-30,0.01765,JRS CAP PROPRIO
19348,ITUB4,2023-06-19,0.2663,JRS CAP PROPRIO
19348,ITUB4,2023-05-31,0.01765,JRS CAP PROPRIO
19348,ITUB4,2023-04-28,0.01765,JRS CAP PROPRIO
19348,ITUB4,2023-03-31,0.01765,JRS CAP PROPRIO
19348,ITUB4,2023-03-23,0.262,JRS CAP PROPRIO
19348,ITUB4,2023-02-28,0.01765,JRS CAP PROPRIO
19348,ITUB4,2023-01-31,0.01765,JRS CAP PROPRIO
19348,ITUB4,2022-12-29,0.01765,JRS CAP PROPRIO
19348,ITUB4,2022-12-08,0.48618,JRS CAP PROPRIO
19348,ITUB4,2022-11-30,0.01765,JRS CAP PROPRIO
19348,ITUB4,2022-10-31,0.01765,JRS CAP PROPRIO
19348,ITUB4,2022-09-30,0.01765,JRS CAP PROPRIO
19348,ITUB4,2022-08-31,0.01765,JRS CAP PROPRIO
19348,ITUB4,2022-08-18,0.3065,JRS CAP PROPRIO
19348,ITUB4,2022-07-29,0.01765,JRS CAP PROPRIO
19348,ITUB4,2022-06-30,0.01765,JRS CAP PROPRIO
19348,ITUB4,2022-05-31,0.01765,JRS CAP PROPRIO
19348,ITUB4,2022-04-29,0.01765,JRS CAP PROPRIO
19348,ITUB4,2022-03-31,0.01765,JRS CAP PROPRIO
19348,ITUB4,2022-02-25,0.01765,JRS CAP PROPRIO
19348,ITUB4,2022-02-21,0.01366,JRS CAP PROPRIO
19348,ITUB4,2022-01-31,0.01765,JRS CAP PROPRIO
19348,ITUB4,2021-12-30,0.01765,JRS CAP PROPRIO
19348,ITUB4,2021-11-30,0.01765,JRS CAP PROPRIO
19348,ITUB4,2021-11-19,0.264551,JRS CAP PROPRIO
19348,ITUB4,2021-10-29,0.01765,JRS CAP PROPRIO
19348,ITUB4,2021-09-30,0.015,DIVIDENDO
19348,ITUB4,2021-08-31,0.015,DIVIDENDO
19348,ITUB4,2021-08-13,0.10384,JRS CAP PROPRIO
19348,ITUB4,2021-07-30,0.015,DIVIDENDO
19348,ITUB4,2021-06-30,0.015,DIVIDENDO
19348,ITUB4,2021-05-31,0.015,DIVIDENDO
19348,ITUB4,2021-05-24,0.04874,JRS CAP PROPRIO
19348,ITUB4,2021-04-30,0.015,DIVIDENDO
19348,ITUB4,2021-04-27,0.05648,JRS CAP PROPRIO
19348,ITUB4,2021-03-31,0.015,DIVIDENDO
19348,ITUB4,2021-03-25,0.05064,JRS CAP PROPRIO
19348,ITUB4,2021-02-26,0.015,DIVIDENDO
19348,ITUB4,2021-02-25,0.096407,DIVIDENDO
19348,ITUB4,2021-02-25,0.05058,JRS CAP PROPRIO
19348,ITUB4,2021-01-29,0.015,DIVIDENDO
19348,ITUB4,2021-01-22,0.05016,JRS CAP PROPRIO
19348,ITUB4,2020-12-30,0.015,DIVIDENDO
19348,ITUB4,2020-12-10,0.06396,JRS CAP PROPRIO
19348,ITUB4,2020-11-30,0.015,DIVIDENDO
19348,ITUB4,2020-10-30,0.015,DIVIDENDO
19348,ITUB4,2020-09-30,0.015,DIVIDENDO
19348,ITUB4,2020-08-31,0.015,DIVIDENDO
19348,ITUB4,2020-08-17,0.0529,JRS CAP PROPRIO
19348,ITUB4,2020-07-31,0.015,DIVIDENDO
19348,ITUB4,2020-06-30,0.015,DIVIDENDO
19348,ITUB4,2020-05-29,0.015,DIVIDENDO
19348,ITUB4,2020-04-30,0.015,DIVIDENDO
19348,ITUB4,2020-03-31,0.015,DIVIDENDO
19348,ITUB4,2020-02-28,0.015,DIVIDENDO
19348,ITUB4,2020-02-20,0.4832,DIVIDENDO
19348,ITUB4,2020-02-20,0.5235,JRS CAP PROPRIO
19348,ITUB4,2020-01-31,0.015,DIVIDENDO
19348,ITUB4,2019-12-30,0.015,DIVIDENDO
19348,ITUB4,2019-12-12,0.03756,JRS CAP PROPRIO
19348,ITUB4,2019-11-29,0.015,DIVIDENDO
19348,ITUB4,2019-10-31,0.015,DIVIDENDO
19348,ITUB4,2019-09-30,0.015,DIVIDENDO
19348,ITUB4,2019-08-30,0.015,DIVIDENDO
19348,ITUB4,2019-08-15,0.7869,DIVIDENDO
19348,ITUB4,2019-07-31,0.015,DIVIDENDO
19348,ITUB4,2019-06-28,0.015,DIVIDENDO
19348,ITUB4,2019-05-31,0.015,DIVIDENDO
19348,ITUB4,2019-04-30,0.015,DIVIDENDO
19348,ITUB4,2019-03-29,0.015,DIVIDENDO
19348,ITUB4,2019-02-28,0.015,DIVIDENDO
19348,ITUB4,2019-02-21,1.0507,DIVIDENDO
19348,ITUB4,2019-02-21,0.7494,JRS CAP PROPRIO
19348,ITUB4,2019-01-31,0.015,DIVIDENDO
19348,ITUB4,2018-12-28,0.015,DIVIDENDO
19348,ITUB4,2018-12-17,0.0106,JRS CAP PROPRIO
19348,ITUB4,2018-11-30,0.015,DIVIDENDO
19348,ITUB4,2018-10-31,0.01,DIVIDENDO
19348,ITUB4,2018-09-28,0.01,DIVIDENDO
19348,ITUB4,2018-08-31,0.01,DIVIDENDO
19348,ITUB4,2018-08-17,0.416,DIVIDENDO
19348,ITUB4,2018-08-17,0.08346666666666668,JRS CAP PROPRIO
19348,ITUB4,2018-07-31,0.01,DIVIDENDO
19348,ITUB4,2018-06-29,0.01,DIVIDENDO
19348,ITUB4,2018-05-30,0.01,DIVIDENDO
19348,ITUB4,2018-04-30,0.01,DIVIDENDO
19348,ITUB4,2018-03-29,0.01,DIVIDENDO
19348,ITUB4,2018-02-28,0.01,DIVIDENDO
19348,ITUB4,2018-02-15,0.08693333333333332,DIVIDENDO
19348,ITUB4,2018-02-15,0.6425333333333333,DIVIDENDO
19348,ITUB4,2018-02-15,0.7658666666666667,JRS CAP PROPRIO
19348,ITUB4,2018-01-31,0.01,DIVIDENDO
19348,ITUB4,2017-12-28,0.01,DIVIDENDO
19348,ITUB4,2017-12-14,0.09633333333333333,JRS CAP PROPRIO
19348,ITUB4,2017-11-30,0.01,DIVIDENDO
19348,ITUB4,2017-10-31,0.01,DIVIDENDO
19348,ITUB4,2017-09-29,0.01,DIVIDENDO
19348,ITUB4,2017-08-31,0.01,DIVIDENDO
19348,ITUB4,2017-08-14,0.266,JRS CAP PROPRIO
19348,ITUB4,2017-07-31,0.01,DIVIDENDO
19348,ITUB4,2017-06-30,0.01,DIVIDENDO
19348,ITUB4,2017-05-31,0.01,DIVIDENDO
19348,ITUB4,2017-04-28,0.01,DIVIDENDO
19348,ITUB4,2017-03-31,0.01,DIVIDENDO
19348,ITUB4,2017-02-24,0.01,DIVIDENDO
19348,ITUB4,2017-02-20,0.5169333333333334,JRS CAP PROPRIO
19348,ITUB4,2017-01-31,0.01,DIVIDENDO
19348,ITUB4,2016-12-29,0.01,DIVIDENDO
19348,ITUB4,2016-12-22,0.31426666666666664,JRS CAP PROPRIO
19348,ITUB4,2016-11-30,0.01,DIVIDENDO
19348,ITUB4,2016-10-31,0.01,DIVIDENDO
19348,ITUB4,2016-09-30,0.009090909090909089,DIVIDENDO
19348,ITUB4,2016-08-31,0.009090909090909089,DIVIDENDO
19348,ITUB4,2016-08-12,0.24181818181818182,JRS CAP PROPRIO
19348,ITUB4,2016-07-29,0.009090909090909089,DIVIDENDO
19348,ITUB4,2016-06-30,0.009090909090909089,DIVIDENDO
19348,ITUB4,2016-05-31,0.009090909090909089,DIVIDENDO
19348,ITUB4,2016-04-29,0.009090909090909089,DIVIDENDO
19348,ITUB4,2016-03-31,0.009090909090909089,DIVIDENDO
19348,ITUB4,2016-02-29,0.009090909090909089,DIVIDENDO
19348,ITUB4,2016-02-18,0.12,DIVIDENDO
19348,ITUB4,2016-02-18,0.2766060606060606,JRS CAP PROPRIO
19348,ITUB4,2016-01-29,0.009090909090909089,DIVIDENDO
19348,ITUB4,2015-12-30,0.009090909090909089,DIVIDENDO
19348,ITUB4,2015-12-09,0.12666666666666665,JRS CAP PROPRIO
19348,ITUB4,2015-11-30,0.009090909090909089,DIVIDENDO
19348,ITUB4,2015-10-30,0.009090909090909089,DIVIDENDO
19348,ITUB4,2015-09-30,0.009090909090909089,DIVIDENDO
19348,ITUB4,2015-08-31,0.009090909090909089,DIVIDENDO
19348,ITUB4,2015-08-12,0.2096969696969697,JRS CAP PROPRIO
19348,ITUB4,2015-07-31,0.009090909090909089,DIVIDENDO
19348,ITUB4,2015-06-30,0.008264462809917354,DIVIDENDO
19348,ITUB4,2015-05-29,0.008264462809917354,DIVIDENDO
19348,ITUB4,2015-04-30,0.008264462809917354,DIVIDENDO
19348,ITUB4,2015-03-31,0.008264462809917354,DIVIDENDO
19348,ITUB4,2015-02-27,0.008264462809917354,DIVIDENDO
19348,ITUB4,2015-02-10,0.1687603305785124,DIVIDENDO
19348,ITUB4,2015-02-10,0.29641873278236913,JRS CAP PROPRIO
19348,ITUB4,2015-01-30,0.008264462809917354,DIVIDENDO
19348,ITUB4,2014-12-30,0.008264462809917354,DIVIDENDO
19348,ITUB4,2014-11-28,0.008264462809917354,DIVIDENDO
19348,ITUB4,2014-10-31,0.008264462809917354,DIVIDENDO
19348,ITUB4,2014-09-30,0.008264462809917354,DIVIDENDO
19348,ITUB4,2014-08-29,0.008264462809917354,DIVIDENDO
19348,ITUB4,2014-08-13,0.17937190082644627,JRS CAP PROPRIO
19348,ITUB4,2014-07-31,0.008264462809917354,DIVIDENDO
19348,ITUB4,2014-06-30,0.008264462809917354,DIVIDENDO
19348,ITUB4,2014-05-30,0.008264462809917354,DIVIDENDO
19348,ITUB4,2014-04-30,0.008264462809917354,DIVIDENDO
19348,ITUB4,2014-03-31,0.008264462809917354,DIVIDENDO
19348,ITUB4,2014-02-28,0.008264462809917354,DIVIDENDO
19348,ITUB4,2014-02-18,0.2884848484848484,JRS CAP PROPRIO
19348,ITUB4,2014-01-31,0.008264462809917354,DIVIDENDO
19348,ITUB4,2013-12-30,0.008264462809917354,DIVIDENDO
19348,ITUB4,2013-12-20,0.11217630853994488,JRS CAP PROPRIO
19348,ITUB4,2013-11-29,0.008264462809917354,DIVIDENDO
19348,ITUB4,2013-10-31,0.008264462809917354,DIVIDENDO
19348,ITUB4,2013-09-30,0.008264462809917354,DIVIDENDO
20257,TAEE4,2024-08-15,0.10167650317,DIVIDENDO
20257,TAEE4,2024-08-15,0.11436485216,JRS CAP PROPRIO
20257,TAEE4,2024-05-13,0.14019703331,JRS CAP PROPRIO
20257,TAEE4,2024-05-03,0.37763391628,DIVIDENDO
20257,TAEE4,2024-01-03,0.22061336,DIVIDENDO
20257,TAEE4,2023-11-13,0.00394344952,DIVIDENDO
20257,TAEE4,2023-11-13,0.19398273707,JRS CAP PROPRIO
20257,TAEE4,2023-08-07,0.09404221738,DIVIDENDO
20257,TAEE4,2023-08-07,0.20923914973,JRS CAP PROPRIO
20257,TAEE4,2023-05-03,0.02520387479,DIVIDENDO
20257,TAEE4,2023-01-10,0.4450909139,DIVIDENDO
20257,TAEE4,2022-11-14,0.2001155374,JRS CAP PROPRIO
20257,TAEE4,2022-11-14,0.1097241454,DIVIDENDO
20257,TAEE4,2022-11-14,0.0436957205,DIVIDENDO
20257,TAEE4,2022-08-15,0.29879070195,DIVIDENDO
20257,TAEE4,2022-08-15,0.19151888841,JRS CAP PROPRIO
20257,TAEE4,2022-05-09,0.14224637098,DIVIDENDO
20257,TAEE4,2022-05-09,0.63210804548,DIVIDENDO
20257,TAEE4,2021-12-06,0.31058119269,DIVIDENDO
20257,TAEE4,2021-12-06,0.19546782457,JRS CAP PROPRIO
20257,TAEE4,2021-05-18,0.38855745153,DIVIDENDO
20257,TAEE4,2021-05-18,0.06289709507,JRS CAP PROPRIO
20257,TAEE4,2021-05-04,0.54373071298,DIVIDENDO
20257,TAEE4,2020-12-15,0.0524606005,JRS CAP PROPRIO
20257,TAEE4,2020-11-16,0.39745865966,DIVIDENDO
20257,TAEE4,2020-11-16,0.05652210279,JRS CAP PROPRIO
20257,TAEE4,2020-08-17,0.21339431382,DIVIDENDO
20257,TAEE4,2020-08-17,0.05685961985,JRS CAP PROPRIO
20257,TAEE4,2020-05-19,0.17459346518,DIVIDENDO
20257,TAEE4,2020-05-19,0.05929047221,JRS CAP PROPRIO
20257,TAEE4,2020-05-06,0.05976064924,DIVIDENDO
20257,TAEE4,2019-12-16,0.060138821,JRS CAP PROPRIO
20257,TAEE4,2019-11-19,0.11722944853,DIVIDENDO
20257,TAEE4,2019-11-19,0.0632674288,JRS CAP PROPRIO
20257,TAEE4,2019-08-08,0.17418779284,DIVIDENDO
20257,TAEE4,2019-08-08,0.06648124497,JRS CAP PROPRIO
20257,TAEE4,2019-05-17,0.01826082109,DIVIDENDO
20257,TAEE4,2019-05-17,0.07535134234,JRS CAP PROPRIO
20257,TAEE4,2019-05-03,0.05531699619,DIVIDENDO
20257,TAEE4,2018-12-17,0.13309187623,JRS CAP PROPRIO
20257,TAEE4,2018-11-09,0.23719027583,DIVIDENDO
20257,TAEE4,2018-08-09,0.08884848967,DIVIDENDO
20257,TAEE4,2018-08-09,0.07017442021,JRS CAP PROPRIO
20257,TAEE4,2018-05-14,0.18198578763,DIVIDENDO
20257,TAEE4,2018-05-14,0.06363142581,JRS CAP PROPRIO
20257,TAEE4,2018-05-02,0.15416153509,DIVIDENDO
20257,TAEE4,2017-12-18,0.09009747333,JRS CAP PROPRIO
20257,TAEE4,2017-11-16,0.04301808947,DIVIDENDO
20257,TAEE4,2017-11-16,0.04642804712,JRS CAP PROPRIO
20257,TAEE4,2017-08-16,0.00065332,DIVIDENDO
20257,TAEE4,2017-08-16,0.06696865,JRS CAP PROPRIO
20257,TAEE4,2017-05-22,0.09679863,DIVIDENDO
20257,TAEE4,2017-05-22,0.0755852,JRS CAP PROPRIO
20257,TAEE4,2017-05-04,0.169054874,DIVIDENDO
20257,TAEE4,2016-11-23,0.0403898207,DIVIDENDO
20257,TAEE4,2016-11-23,0.1422852726,JRS CAP PROPRIO
20257,TAEE4,2016-08-17,0.1683872073,DIVIDENDO
20257,TAEE4,2016-08-17,0.0237142207,JRS CAP PROPRIO
20257,TAEE4,2016-05-24,0.0901399372,DIVIDENDO
20257,TAEE4,2016-05-24,0.1242327332,JRS CAP PROPRIO
20257,TAEE4,2016-04-18,0.3122005636,DIVIDENDO
20257,TAEE4,2015-12-18,0.1066685164,DIVIDENDO
20257,TAEE4,2015-12-18,0.0792941788,JRS CAP PROPRIO
20257,TAEE4,2015-09-17,0.1425683439,DIVIDENDO
20257,TAEE4,2015-09-17,0.1574246234,JRS CAP PROPRIO
20257,TAEE4,2015-04-22,0.24650016605,DIVIDENDO
20257,TAEE4,2014-12-04,0.19061502179,JRS CAP PROPRIO
20257,TAEE4,2014-09-26,0.38703557725,DIVIDENDO
20257,TAEE4,2014-04-30,0.40025885,DIVIDENDO
20257,TAEE4,2013-12-12,0.20319368,DIVIDENDO
20257,TAEE4,2013-12-12,0.1838419,JRS CAP PROPRIO
20257,TAEE4,2013-04-30,0.3476403,DIVIDENDO
20257,TAEE4,2012-12-18,0.15481423,DIVIDENDO
20257,TAEE4,2012-04-27,1.626324854,DIVIDENDO
20257,TAEE4,2011-04-27,1.54535213,DIVIDENDO
20257,TAEE4,2011-04-27,1.265340033,DIVIDENDO
20257,TAEE4,2010-11-08,0.403532623,DIVIDENDO
20257,TAEE4,2009-10-16,1.147840688,DIVIDENDO
20257,TAEE4,2009-03-10,0.034538215,DIVIDENDO
20257,TAEE4,2008-07-30,0.321393,DIVIDENDO
20257,TAEE4,2008-03-10,0.207246432,DIVIDENDO
20257,TAEE4,2008-03-10,0.046817595,JRS CAP PROPRIO
20257,TAEE4,2007-08-08,0.067617455,JRS CAP PROPRIO
20257,TAEE4,2007-08-08,0.404923289,DIVIDENDO
20257,TAEE4,2007-03-21,0.35707165,DIVIDENDO
20257,TAEE4,2024-08-15,0.10167650317,DIVIDENDO
20257,TAEE4,2024-08-15,0.11436485216,JRS CAP PROPRIO
20257,TAEE4,2024-05-13,0.14019703331,JRS CAP PROPRIO
20257,TAEE4,2024-05-03,0.37763391628,DIVIDENDO
20257,TAEE4,2024-01-03,0.22061336,DIVIDENDO
20257,TAEE4,2023-11-13,0.00394344952,DIVIDENDO
20257,TAEE4,2023-11-13,0.19398273707,JRS CAP PROPRIO
20257,TAEE4,2023-08-07,0.09404221738,DIVIDENDO
20257,TAEE4,2023-08-07,0.20923914973,JRS CAP PROPRIO
20257,TAEE4,2023-05-03,0.02520387479,DIVIDENDO
20257,TAEE4,2023-01-10,0.4450909139,DIVIDENDO
20257,TAEE4,2022-11-14,0.2001155374,JRS CAP PROPRIO
20257,TAEE4,2022-11-14,0.1097241454,DIVIDENDO
20257,TAEE4,2022-11-14,0.0436957205,DIVIDENDO
20257,TAEE4,2022-08-15,0.29879070195,DIVIDENDO
20257,TAEE4,2022-08-15,0.19151888841,JRS CAP PROPRIO
20257,TAEE4,2022-05-09,0.14224637098,DIVIDENDO
20257,TAEE4,2022-05-09,0.63210804548,DIVIDENDO
20257,TAEE4,2021-12-06,0.31058119269,DIVIDENDO
20257,TAEE4,2021-12-06,0.19546782457,JRS CAP PROPRIO
20257,TAEE4,2021-05-18,0.38855745153,DIVIDENDO
20257,TAEE4,2021-05-18,0.06289709507,JRS CAP PROPRIO
20257,TAEE4,2021-05-04,0.54373071298,DIVIDENDO
20257,TAEE4,2020-12-15,0.0524606005,JRS CAP PROPRIO
20257,TAEE4,2020-11-16,0.39745865966,DIVIDENDO
20257,TAEE4,2020-11-16,0.05652210279,JRS CAP PROPRIO
20257,TAEE4,2020-08-17,0.21339431382,DIVIDENDO
20257,TAEE4,2020-08-17,0.05685961985,JRS CAP PROPRIO
20257,TAEE4,2020-05-19,0.17459346518,DIVIDENDO
20257,TAEE4,2020-05-19,0.05929047221,JRS CAP PROPRIO
20257,TAEE4,2020-05-06,0.05976064924,DIVIDENDO
20257,TAEE4,2019-12-16,0.060138821,JRS CAP PROPRIO
20257,TAEE4,2019-11-19,0.11722944853,DIVIDENDO
20257,TAEE4,2019-11-19,0.0632674288,JRS CAP PROPRIO
20257,TAEE4,2019-08-08,0.17418779284,DIVIDENDO
20257,TAEE4,2019-08-08,0.06648124497,JRS CAP PROPRIO
20257,TAEE4,2019-05-17,0.01826082109,DIVIDENDO
20257,TAEE4,2019-05-17,0.07535134234,JRS CAP PROPRIO
20257,TAEE4,2019-05-03,0.05531699619,DIVIDENDO
20257,TAEE4,2018-12-17,0.13309187623,JRS CAP PROPRIO
20257,TAEE4,2018-11-09,0.23719027583,DIVIDENDO
20257,TAEE4,2018-08-09,0.08884848967,DIVIDENDO
20257,TAEE4,2018-08-09,0.07017442021,JRS CAP PROPRIO
20257,TAEE4,2018-05-14,0.18198578763,DIVIDENDO
20257,TAEE4,2018-05-14,0.06363142581,JRS CAP PROPRIO
20257,TAEE4,2018-05-02,0.15416153509,DIVIDENDO
20257,TAEE4,2017-12-18,0.09009747333,JRS CAP PROPRIO
20257,TAEE4,2017-11-16,0.04301808947,DIVIDENDO
20257,TAEE4,2017-11-16,0.04642804712,JRS CAP PROPRIO
20257,TAEE4,2017-08-16,0.00065332,DIVIDENDO
20257,TAEE4,2017-08-16,0.06696865,JRS CAP PROPRIO
20257,TAEE4,2017-05-22,0.09679863,DIVIDENDO
20257,TAEE4,2017-05-22,0.0755852,JRS CAP PROPRIO
20257,TAEE4,2017-05-04,0.169054874,DIVIDENDO
20257,TAEE4,2016-11-23,0.0403898207,DIVIDENDO
20257,TAEE4,2016-11-23,0.1422852726,JRS CAP PROPRIO
20257,TAEE4,2016-08-17,0.1683872073,DIVIDENDO
20257,TAEE4,2016-08-17,0.0237142207,JRS CAP PROPRIO
20257,TAEE4,2016-05-24,0.0901399372,DIVIDENDO
20257,TAEE4,2016-05-24,0.1242327332,JRS CAP PROPRIO
20257,TAEE4,2016-04-18,0.3122005636,DIVIDENDO
20257,TAEE4,2015-12-18,0.1066685164,DIVIDENDO
20257,TAEE4,2015-12-18,0.0792941788,JRS CAP PROPRIO
20257,TAEE4,2015-09-17,0.1425683439,DIVIDENDO
20257,TAEE4,2015-09-17,0.1574246234,JRS CAP PROPRIO
20257,TAEE4,2015-04-22,0.24650016605,DIVIDENDO
20257,TAEE4,2014-12-04,0.19061502179,JRS CAP PROPRIO
20257,TAEE4,2014-09-26,0.38703557725,DIVIDENDO
20257,TAEE4,2014-04-30,0.40025885,DIVIDENDO
20257,TAEE4,2013-12-12,0.20319368,DIVIDENDO
20257,TAEE4,2013-12-12,0.1838419,JRS CAP PROPRIO
20257,TAEE4,2013-04-30,0.3476403,DIVIDENDO
20257,TAEE4,2012-12-18,0.15481423,DIVIDENDO
20257,TAEE4,2012-04-27,1.626324854,DIVIDENDO
20257,TAEE4,2011-04-27,1.54535213,DIVIDENDO
20257,TAEE4,2011-04-27,1.265340033,DIVIDENDO
20257,TAEE4,2010-11-08,0.403532623,DIVIDENDO
20257,TAEE4,2009-10-16,1.147840688,DIVIDENDO
20257,TAEE4,2009-03-10,0.034538215,DIVIDENDO
20257,TAEE4,2008-07-30,0.321393,DIVIDENDO
20257,TAEE4,2008-03-10,0.207246432,DIVIDENDO
20257,TAEE4,2008-03-10,0.046817595,JRS CAP PROPRIO
20257,TAEE4,2007-08-08,0.067617455,JRS CAP PROPRIO
20257,TAEE4,2007-08-08,0.404923289,DIVIDENDO
20257,TAEE4,2007-03-21,0.35707165,DIVIDENDO
20257,TAEE4,2024-08-15,0.30502950951,DIVIDENDO
20257,TAEE4,2024-08-15,0.34309455648,JRS CAP PROPRIO
20257,TAEE4,2024-05-13,0.42059109993,JRS CAP PROPRIO
20257,TAEE4,2024-05-03,1.13290174883,DIVIDENDO
20257,TAEE4,2024-01-03,0.66184008,DIVIDENDO
20257,TAEE4,2023-11-13,0.01183034856,DIVIDENDO
20257,TAEE4,2023-11-13,0.58194821121,JRS CAP PROPRIO
20257,TAEE4,2023-08-07,0.28212665214,DIVIDENDO
20257,TAEE4,2023-08-07,0.62771744919,JRS CAP PROPRIO
20257,TAEE4,2023-05-03,0.07561162437,DIVIDENDO
