CD_CVM,DENOM_COMERC,TICKERS,NUM_ORDINARIAS,NUM_PREFERENCIAIS,NUM_TOTAL,SETOR,SUBSETOR,SEGMENTO
906,BANCO BRADESCO S.A.,BBDC3;BBDC4,5330304681,5311865547,10642170228,Financeiro,Intermediários Financeiros,Bancos
22616,BANCO UBS PACTUAL S/A,BPAC3;BPAC5;BPAC11,7244165568,4261954360,11506119928,Financeiro,Intermediários Financeiros,Bancos
922,BANCO DA AMAZONIA S.A.,BAZA3,56058315,0,56058315,Financeiro,Intermediários Financeiros,Bancos
1023,BANCO DO BRASIL S.A.,BBAS11;BBAS12;BBAS3,5730834040,0,5730834040,Financeiro,Intermediários Financeiros,Bancos
20532,BANCO SANTANDER (BRASIL) S.A.,SANB3;SANB4;SANB11,3818695031,3679836020,7498531051,Financeiro,Intermediários Financeiros,Bancos
2437,ELETROBRAS,ELET3;ELET5;ELET6,2027011498,280088314,2307099812,Utilidade Pública,Energia Elétrica,Energia Elétrica
2453,CEMIG,CMIG4;CMIG3,956601911,1905179984,2861781895,Utilidade Pública,Energia Elétrica,Energia Elétrica
14443,SABESP,SBSP3,683509869,0,683509869,Utilidade Pública,Água e Saneamento,Água e Saneamento
18627,SANEPAR,SAPR3;SAPR4;SAPR11,503735259,1007470260,1511205519,Utilidade Pública,Água e Saneamento,Água e Saneamento
19445,COPASA MG,CSMG3,380253069,0,380253069,Utilidade Pública,Água e Saneamento,Água e Saneamento
18660,CPFL ENERGIA S.A.,CPFE3,1152254440,0,1152254440,Utilidade Pública,Energia Elétrica,Energia Elétrica
18376,CTEEP,TRPL3;TRPL4,257937732,400945572,658883304,Utilidade Pública,Energia Elétrica,Energia Elétrica
17329,TRACTEBEL ENERGIA,EGIE3,815927740,0,815927740,Utilidade Pública,Energia Elétrica,Energia Elétrica
20010,EQUATORIAL ENERGIA S/A,EQTL3,1248075298,0,1248075298,Utilidade Pública,Energia Elétrica,Energia Elétrica
19348,ITAÚ UNIBANCO,ITUB4;ITUB3,4958290359,4845844989,9804135348,Financeiro,Intermediários Financeiros,Bancos
15539,NEOENERGIA S.A.,NEOE3,1213797248,0,1213797248,Utilidade Pública,Energia Elétrica,Energia Elétrica
20257,TRANSMISSORA ALIANÇA DE ENERGIA ELÉTRICA S.A.,TAEE11;TAEE3;TAEE4,590714069,442782652,1033496721,Utilidade Pública,Energia Elétrica,Energia Elétrica
