CD_CVM,FILE_CATEGORY
906,dfp_con_2011
906,dfp_con_2012
906,dfp_con_2013
906,dfp_con_2014
906,dfp_con_2015
906,dfp_con_2016
906,dfp_con_2017
906,dfp_con_2018
906,dfp_con_2019
906,dfp_con_2020
906,dfp_con_2021
906,dfp_con_2022
906,dfp_con_2023
906,itr_con_2022
906,itr_con_2023
906,itr_con_2024
906,itr_ind_2011
906,itr_ind_2012
906,itr_ind_2013
906,itr_ind_2014
906,itr_ind_2015
906,itr_ind_2016
906,itr_ind_2017
906,itr_ind_2018
906,itr_ind_2019
906,itr_ind_2020
906,itr_ind_2021
922,dfp_ind_2011
922,dfp_ind_2012
922,dfp_ind_2013
922,dfp_ind_2014
922,dfp_ind_2015
922,dfp_ind_2016
922,dfp_ind_2017
922,dfp_ind_2018
922,dfp_ind_2019
922,dfp_ind_2020
922,dfp_ind_2021
922,dfp_ind_2022
922,dfp_ind_2023
922,itr_ind_2011
922,itr_ind_2012
922,itr_ind_2013
922,itr_ind_2014
922,itr_ind_2015
922,itr_ind_2016
922,itr_ind_2017
922,itr_ind_2018
922,itr_ind_2019
922,itr_ind_2020
922,itr_ind_2021
922,itr_ind_2022
922,itr_ind_2023
922,itr_ind_2024
1023,dfp_con_2011
1023,dfp_con_2012
1023,dfp_con_2013
1023,dfp_con_2014
1023,dfp_con_2015
1023,dfp_con_2016
1023,dfp_con_2017
1023,dfp_con_2018
1023,dfp_con_2019
1023,dfp_con_2020
1023,dfp_con_2021
1023,dfp_con_2022
1023,dfp_con_2023
1023,itr_con_2022
1023,itr_con_2023
1023,itr_con_2024
1023,itr_ind_2011
1023,itr_ind_2012
1023,itr_ind_2013
1023,itr_ind_2014
1023,itr_ind_2015
1023,itr_ind_2016
1023,itr_ind_2017
1023,itr_ind_2018
1023,itr_ind_2019
1023,itr_ind_2020
1023,itr_ind_2021
2437,dfp_con_2011
2437,dfp_con_2012
2437,dfp_con_2013
2437,dfp_con_2014
2437,dfp_con_2015
2437,dfp_con_2016
2437,dfp_con_2017
2437,dfp_con_2018
2437,dfp_con_2019
2437,dfp_con_2020
2437,dfp_con_2021
2437,dfp_con_2022
2437,dfp_con_2023
2437,itr_con_2011
2437,itr_con_2012
2437,itr_con_2013
2437,itr_con_2014
2437,itr_con_2015
2437,itr_con_2016
2437,itr_con_2017
2437,itr_con_2018
2437,itr_con_2019
2437,itr_con_2020
2437,itr_con_2021
2437,itr_con_2022
2437,itr_con_2023
2437,itr_con_2024
2453,dfp_con_2011
2453,dfp_con_2012
2453,dfp_con_2013
2453,dfp_con_2014
2453,dfp_con_2015
2453,dfp_con_2016
2453,dfp_con_2017
2453,dfp_con_2018
2453,dfp_con_2019
2453,dfp_con_2020
2453,dfp_con_2021
2453,dfp_con_2022
2453,dfp_con_2023
2453,itr_con_2011
2453,itr_con_2012
2453,itr_con_2013
2453,itr_con_2014
2453,itr_con_2015
2453,itr_con_2016
2453,itr_con_2017
2453,itr_con_2018
2453,itr_con_2019
2453,itr_con_2020
2453,itr_con_2021
2453,itr_con_2022
2453,itr_con_2023
2453,itr_con_2024
5258,dfp_con_2011
5258,dfp_con_2012
5258,dfp_con_2013
5258,dfp_con_2015
5258,dfp_con_2016
5258,dfp_con_2017
5258,dfp_con_2018
5258,dfp_con_2019
5258,dfp_con_2020
5258,dfp_con_2021
5258,dfp_con_2022
5258,dfp_con_2023
5258,dfp_ind_2014
5258,itr_con_2012
5258,itr_con_2013
5258,itr_con_2016
5258,itr_con_2017
5258,itr_con_2018
5258,itr_con_2019
5258,itr_con_2020
5258,itr_con_2021
5258,itr_con_2022
5258,itr_con_2023
5258,itr_con_2024
5258,itr_ind_2011
5258,itr_ind_2014
5258,itr_ind_2015
9342,dfp_con_2011
9342,dfp_con_2012
9342,dfp_con_2013
9342,dfp_con_2014
9342,dfp_con_2015
9342,dfp_con_2016
9342,dfp_con_2017
9342,dfp_con_2018
9342,dfp_con_2019
9342,dfp_con_2020
9342,dfp_con_2021
9342,dfp_con_2022
9342,dfp_con_2023
9342,itr_con_2011
9342,itr_con_2012
9342,itr_con_2013
9342,itr_con_2014
9342,itr_con_2015
9342,itr_con_2016
9342,itr_con_2017
9342,itr_con_2018
9342,itr_con_2019
9342,itr_con_2020
9342,itr_con_2021
9342,itr_con_2022
9342,itr_con_2023
9342,itr_con_2024
14443,dfp_con_2011
14443,dfp_con_2012
14443,dfp_con_2023
14443,dfp_ind_2013
14443,dfp_ind_2014
14443,dfp_ind_2015
14443,dfp_ind_2016
14443,dfp_ind_2017
14443,dfp_ind_2018
14443,dfp_ind_2019
14443,dfp_ind_2020
14443,dfp_ind_2021
14443,dfp_ind_2022
14443,itr_con_2011
14443,itr_con_2012
14443,itr_con_2023
14443,itr_con_2024
14443,itr_ind_2013
14443,itr_ind_2014
14443,itr_ind_2015
14443,itr_ind_2016
14443,itr_ind_2017
14443,itr_ind_2018
14443,itr_ind_2019
14443,itr_ind_2020
14443,itr_ind_2021
14443,itr_ind_2022
15539,dfp_con_2011
15539,dfp_con_2012
15539,dfp_con_2013
15539,dfp_con_2014
15539,dfp_con_2015
15539,dfp_con_2016
15539,dfp_con_2017
15539,dfp_con_2018
15539,dfp_con_2019
15539,dfp_con_2020
15539,dfp_con_2021
15539,dfp_con_2022
15539,dfp_con_2023
15539,itr_con_2011
15539,itr_con_2012
15539,itr_con_2013
15539,itr_con_2014
15539,itr_con_2015
15539,itr_con_2016
15539,itr_con_2017
15539,itr_con_2018
15539,itr_con_2019
15539,itr_con_2020
15539,itr_con_2021
15539,itr_con_2022
15539,itr_con_2023
15539,itr_con_2024
16861,dfp_ind_2011
16861,dfp_ind_2012
16861,dfp_ind_2013
16861,dfp_ind_2014
16861,dfp_ind_2015
16861,dfp_ind_2016
16861,dfp_ind_2017
16861,dfp_ind_2018
16861,dfp_ind_2019
16861,dfp_ind_2020
16861,dfp_ind_2021
16861,dfp_ind_2022
16861,dfp_ind_2023
16861,itr_ind_2011
16861,itr_ind_2012
16861,itr_ind_2013
16861,itr_ind_2014
16861,itr_ind_2015
16861,itr_ind_2016
16861,itr_ind_2017
16861,itr_ind_2018
16861,itr_ind_2019
16861,itr_ind_2020
16861,itr_ind_2021
16861,itr_ind_2022
16861,itr_ind_2023
16861,itr_ind_2024
17329,dfp_con_2011
17329,dfp_con_2012
17329,dfp_con_2013
17329,dfp_con_2014
17329,dfp_con_2015
17329,dfp_con_2016
17329,dfp_con_2017
17329,dfp_con_2018
17329,dfp_con_2019
17329,dfp_con_2020
17329,dfp_con_2021
17329,dfp_con_2022
17329,dfp_con_2023
17329,itr_con_2011
17329,itr_con_2012
17329,itr_con_2013
17329,itr_con_2014
17329,itr_con_2015
17329,itr_con_2016
17329,itr_con_2017
17329,itr_con_2018
17329,itr_con_2019
17329,itr_con_2020
17329,itr_con_2021
17329,itr_con_2022
17329,itr_con_2023
17329,itr_con_2024
18376,dfp_con_2011
18376,dfp_con_2012
18376,dfp_con_2013
18376,dfp_con_2014
18376,dfp_con_2015
18376,dfp_con_2016
18376,dfp_con_2017
18376,dfp_con_2018
18376,dfp_con_2019
18376,dfp_con_2020
18376,dfp_con_2021
18376,dfp_con_2022
18376,dfp_con_2023
18376,itr_con_2011
18376,itr_con_2012
18376,itr_con_2013
18376,itr_con_2014
18376,itr_con_2015
18376,itr_con_2016
18376,itr_con_2017
18376,itr_con_2018
18376,itr_con_2019
18376,itr_con_2020
18376,itr_con_2021
18376,itr_con_2022
18376,itr_con_2023
18376,itr_con_2024
18627,dfp_ind_2011
18627,dfp_ind_2012
18627,dfp_ind_2013
18627,dfp_ind_2014
18627,dfp_ind_2015
18627,dfp_ind_2016
18627,dfp_ind_2017
18627,dfp_ind_2018
18627,dfp_ind_2019
18627,dfp_ind_2020
18627,dfp_ind_2021
18627,dfp_ind_2022
18627,dfp_ind_2023
18627,itr_ind_2011
18627,itr_ind_2012
18627,itr_ind_2013
18627,itr_ind_2014
18627,itr_ind_2015
18627,itr_ind_2016
18627,itr_ind_2017
18627,itr_ind_2018
18627,itr_ind_2019
18627,itr_ind_2020
18627,itr_ind_2021
18627,itr_ind_2022
18627,itr_ind_2023
18627,itr_ind_2024
18660,dfp_con_2011
18660,dfp_con_2012
18660,dfp_con_2013
18660,dfp_con_2014
18660,dfp_con_2015
18660,dfp_con_2016
18660,dfp_con_2017
18660,dfp_con_2018
18660,dfp_con_2019
18660,dfp_con_2020
18660,dfp_con_2021
18660,dfp_con_2022
18660,dfp_con_2023
18660,itr_con_2011
18660,itr_con_2012
18660,itr_con_2013
18660,itr_con_2014
18660,itr_con_2015
18660,itr_con_2016
18660,itr_con_2017
18660,itr_con_2018
18660,itr_con_2019
18660,itr_con_2020
18660,itr_con_2021
18660,itr_con_2022
18660,itr_con_2023
18660,itr_con_2024
19305,dfp_con_2011
19305,dfp_con_2012
19305,dfp_con_2013
19305,dfp_con_2014
19305,dfp_con_2015
19305,dfp_con_2016
19305,dfp_con_2017
19305,dfp_con_2018
19305,dfp_con_2019
19305,dfp_con_2020
19305,dfp_con_2021
19305,dfp_con_2022
19305,dfp_con_2023
19305,itr_con_2011
19305,itr_con_2012
19305,itr_con_2013
19305,itr_con_2014
19305,itr_con_2015
19305,itr_con_2016
19305,itr_con_2017
19305,itr_con_2018
19305,itr_con_2019
19305,itr_con_2020
19305,itr_con_2021
19305,itr_con_2022
19305,itr_con_2023
19305,itr_con_2024
19348,dfp_con_2011
19348,dfp_con_2012
19348,dfp_con_2013
19348,dfp_con_2014
19348,dfp_con_2015
19348,dfp_con_2016
19348,dfp_con_2017
19348,dfp_con_2018
19348,dfp_con_2019
19348,dfp_con_2020
19348,dfp_con_2021
19348,dfp_con_2022
19348,dfp_con_2023
19348,itr_con_2011
19348,itr_con_2013
19348,itr_con_2014
19348,itr_con_2015
19348,itr_con_2016
19348,itr_con_2017
19348,itr_con_2018
19348,itr_con_2019
19348,itr_con_2020
19348,itr_con_2021
19348,itr_con_2022
19348,itr_con_2023
19348,itr_con_2024
19348,itr_ind_2012
19445,dfp_con_2011
19445,dfp_con_2012
19445,dfp_con_2013
19445,dfp_con_2014
19445,dfp_con_2015
19445,dfp_con_2016
19445,dfp_con_2017
19445,dfp_con_2018
19445,dfp_con_2019
19445,dfp_con_2020
19445,dfp_con_2021
19445,dfp_con_2022
19445,dfp_con_2023
19445,itr_con_2011
19445,itr_con_2012
19445,itr_con_2013
19445,itr_con_2014
19445,itr_con_2015
19445,itr_con_2016
19445,itr_con_2017
19445,itr_con_2018
19445,itr_con_2019
19445,itr_con_2020
19445,itr_con_2021
19445,itr_con_2022
19445,itr_con_2023
19445,itr_con_2024
20010,dfp_con_2011
20010,dfp_con_2012
20010,dfp_con_2013
20010,dfp_con_2014
20010,dfp_con_2015
20010,dfp_con_2016
20010,dfp_con_2017
20010,dfp_con_2018
20010,dfp_con_2019
20010,dfp_con_2020
20010,dfp_con_2021
20010,dfp_con_2022
20010,dfp_con_2023
20010,itr_con_2011
20010,itr_con_2012
20010,itr_con_2013
20010,itr_con_2014
20010,itr_con_2015
20010,itr_con_2016
20010,itr_con_2017
20010,itr_con_2018
20010,itr_con_2019
20010,itr_con_2020
20010,itr_con_2021
20010,itr_con_2022
20010,itr_con_2023
20010,itr_con_2024
20036,dfp_con_2011
20036,dfp_con_2012
20036,dfp_con_2013
20036,dfp_con_2014
20036,dfp_con_2015
20036,dfp_con_2016
20036,dfp_con_2017
20036,dfp_con_2018
20036,dfp_con_2019
20036,dfp_con_2020
20036,dfp_con_2021
20036,dfp_con_2022
20036,dfp_con_2023
20036,dfp_con_2024
20036,itr_con_2011
20036,itr_con_2012
20036,itr_con_2013
20036,itr_con_2014
20036,itr_con_2015
20036,itr_con_2016
20036,itr_con_2017
20036,itr_con_2018
20036,itr_con_2019
20036,itr_con_2020
20036,itr_con_2021
20036,itr_con_2022
20036,itr_con_2023
20036,itr_con_2024
20257,dfp_con_2011
20257,dfp_con_2012
20257,dfp_con_2013
20257,dfp_con_2014
20257,dfp_con_2015
20257,dfp_con_2016
20257,dfp_con_2017
20257,dfp_con_2018
20257,dfp_con_2019
20257,dfp_con_2020
20257,dfp_con_2021
20257,dfp_con_2022
20257,dfp_con_2023
20257,itr_con_2011
20257,itr_con_2012
20257,itr_con_2013
20257,itr_con_2014
20257,itr_con_2015
20257,itr_con_2016
20257,itr_con_2017
20257,itr_con_2018
20257,itr_con_2019
20257,itr_con_2020
20257,itr_con_2021
20257,itr_con_2022
20257,itr_con_2023
20257,itr_con_2024
20532,dfp_con_2011
20532,dfp_con_2012
20532,dfp_con_2013
20532,dfp_con_2014
20532,dfp_con_2015
20532,dfp_con_2016
20532,dfp_con_2017
20532,dfp_con_2018
20532,dfp_con_2019
20532,dfp_con_2020
20532,dfp_con_2021
20532,dfp_con_2022
20532,dfp_con_2023
20532,itr_con_2011
20532,itr_con_2012
20532,itr_con_2013
20532,itr_con_2014
20532,itr_con_2015
20532,itr_con_2016
20532,itr_con_2017
20532,itr_con_2018
20532,itr_con_2019
20532,itr_con_2020
20532,itr_con_2021
20532,itr_con_2022
20532,itr_con_2023
20532,itr_con_2024
20745,dfp_con_2011
20745,dfp_con_2012
20745,dfp_con_2013
20745,dfp_con_2014
20745,dfp_con_2015
20745,dfp_con_2016
20745,dfp_con_2017
20745,dfp_con_2018
20745,dfp_con_2019
20745,dfp_con_2020
20745,dfp_con_2021
20745,dfp_con_2022
20745,dfp_con_2023
20745,itr_con_2011
20745,itr_con_2012
20745,itr_con_2013
20745,itr_con_2014
20745,itr_con_2015
20745,itr_con_2016
20745,itr_con_2017
20745,itr_con_2018
20745,itr_con_2019
20745,itr_con_2020
20745,itr_con_2021
20745,itr_con_2022
20745,itr_con_2023
20745,itr_con_2024
21431,dfp_con_2011
21431,dfp_con_2012
21431,dfp_con_2013
21431,dfp_con_2014
21431,dfp_con_2015
21431,dfp_con_2016
21431,dfp_con_2017
21431,dfp_con_2018
21431,dfp_con_2019
21431,dfp_con_2020
21431,dfp_con_2021
21431,dfp_con_2022
21431,dfp_con_2023
21431,itr_con_2011
21431,itr_con_2012
21431,itr_con_2013
21431,itr_con_2014
21431,itr_con_2015
21431,itr_con_2016
21431,itr_con_2017
21431,itr_con_2018
21431,itr_con_2019
21431,itr_con_2020
21431,itr_con_2021
21431,itr_con_2022
21431,itr_con_2023
21431,itr_con_2024
22608,dfp_con_2022
22608,dfp_con_2023
22608,dfp_ind_2011
22608,dfp_ind_2012
22608,dfp_ind_2013
22608,dfp_ind_2014
22608,dfp_ind_2015
22608,dfp_ind_2016
22608,dfp_ind_2017
22608,dfp_ind_2018
22608,dfp_ind_2019
22608,dfp_ind_2020
22608,dfp_ind_2021
22608,itr_con_2022
22608,itr_con_2023
22608,itr_con_2024
22608,itr_ind_2011
22608,itr_ind_2012
22608,itr_ind_2013
22608,itr_ind_2014
22608,itr_ind_2015
22608,itr_ind_2016
22608,itr_ind_2017
22608,itr_ind_2018
22608,itr_ind_2019
22608,itr_ind_2020
22608,itr_ind_2021
22616,dfp_con_2011
22616,dfp_con_2012
22616,dfp_con_2013
22616,dfp_con_2014
22616,dfp_con_2015
22616,dfp_con_2016
22616,dfp_con_2017
22616,dfp_con_2018
22616,dfp_con_2019
22616,dfp_ind_2020
22616,dfp_ind_2021
22616,dfp_ind_2022
22616,dfp_ind_2023
22616,itr_ind_2011
22616,itr_ind_2012
22616,itr_ind_2013
22616,itr_ind_2014
22616,itr_ind_2015
22616,itr_ind_2016
22616,itr_ind_2017
22616,itr_ind_2018
22616,itr_ind_2019
22616,itr_ind_2020
22616,itr_ind_2021
22616,itr_ind_2022
22616,itr_ind_2023
22616,itr_ind_2024
23507,dfp_con_2014
23507,dfp_con_2015
23507,dfp_con_2016
23507,dfp_con_2017
23507,dfp_con_2018
23507,dfp_con_2019
23507,dfp_con_2020
23507,dfp_con_2021
23507,dfp_con_2022
23507,dfp_con_2023
23507,itr_con_2014
23507,itr_con_2015
23507,itr_con_2016
23507,itr_con_2017
23507,itr_con_2018
23507,itr_con_2019
23507,itr_con_2020
23507,itr_con_2021
23507,itr_con_2022
23507,itr_con_2023
23507,itr_con_2024
24627,dfp_con_2017
24627,dfp_con_2018
24627,dfp_con_2019
24627,dfp_con_2020
24627,dfp_con_2021
24627,dfp_con_2022
24627,dfp_con_2023
24627,itr_con_2018
24627,itr_con_2019
24627,itr_con_2020
24627,itr_con_2021
24627,itr_con_2022
24627,itr_con_2023
24627,itr_con_2024
24961,dfp_con_2019
24961,dfp_con_2020
24961,dfp_con_2021
24961,dfp_con_2022
24961,dfp_con_2023
24961,itr_con_2020
24961,itr_con_2021
24961,itr_con_2022
24961,itr_con_2023
24961,itr_con_2024
25550,dfp_con_2019
25550,dfp_con_2020
25550,dfp_con_2021
25550,dfp_con_2022
25550,dfp_con_2023
25550,itr_con_2020
25550,itr_con_2021
25550,itr_con_2022
25550,itr_con_2023
25550,itr_con_2024
25704,dfp_con_2022
25704,dfp_con_2023
25704,dfp_ind_2019
25704,dfp_ind_2020
25704,dfp_ind_2021
25704,itr_con_2022
25704,itr_con_2023
25704,itr_con_2024
25704,itr_ind_2020
25704,itr_ind_2021
25950,dfp_con_2022
25950,dfp_con_2023
25950,dfp_ind_2020
25950,dfp_ind_2021
25950,itr_con_2022
25950,itr_con_2023
25950,itr_con_2024
25950,itr_ind_2021
26000,dfp_con_2021
26000,dfp_con_2022
26000,dfp_con_2023
26000,itr_con_2021
26000,itr_con_2022
26000,itr_con_2023
26000,itr_con_2024
