CD_CVM,DENOM_COMERC,TICKERS,NUM_ORDINARIAS,NUM_PREFERENCIAIS,NUM_TOTAL,SETOR,SUBSETOR,SEGMENTO
906,BANCO BRADESCO S.A.,BBDC3;BBDC4,5330304681,5311865547,10642170228,Financeiro,Intermediários Financeiros,Bancos
1023,BANCO DO BRASIL S.A.,BBAS11;BBAS12;BBAS3,5730834040,0,5730834040,Financeiro,Intermediários Financeiros,Bancos
2453,CEMIG,CMIG4;CMIG3,956601911,1905179984,2861781895,Utilidade Pública,Energia Elétrica,Energia Elétrica
18660,CPFL ENERGIA S.A.,CPFE3,1152254440,0,1152254440,Utilidade Pública,Energia Elétrica,Energia Elétrica
18376,CTEEP,TRPL3;TRPL4,257937732,400945572,658883304,Utilidade Pública,Energia Elétrica,Energia Elétrica
19348,ITAÚ UNIBANCO,ITUB4;ITUB3,4958290359,4845844989,9804135348,Financeiro,Intermediários Financeiros,Bancos
20257,TRANSMISSORA ALIANÇA DE ENERGIA ELÉTRICA S.A.,TAEE11;TAEE3;TAEE4,590714069,442782652,1033496721,Utilidade Pública,Energia Elétrica,Energia Elétrica
